"","BirdID","chickyear","ars","NestID","sex"
"2",7187,2022,0,NA,0
"1",7118,2020,0,NA,0
"3",7118,2022,0,NA,0
"1437",7093,2019,0,NA,0
"2225",7093,2020,0,NA,0
"4",7093,2022,0,NA,0
"1436",7091,2019,0,NA,0
"2224",7091,2020,0,NA,0
"4197",7091,2022,0,NA,0
"1435",7083,2019,0,NA,0
"2223",7083,2020,0,NA,0
"4196",7083,2022,0,NA,0
"1434",7076,2019,0,NA,0
"2222",7076,2020,0,NA,0
"3202",7076,2021,0,NA,0
"1433",6926,2018,0,NA,0
"2221",6926,2019,0,NA,0
"4195",6926,2021,0,NA,0
"5",6926,2022,0,NA,0
"1432",6925,2018,0,NA,0
"2220",6925,2019,0,NA,0
"3201",6925,2020,0,NA,0
"5158",6925,2022,0,NA,0
"1431",6920,2018,0,NA,0
"2219",6920,2019,0,NA,0
"3200",6920,2020,0,NA,0
"5157",6920,2022,0,NA,0
"1430",6852,2018,0,NA,0
"2218",6852,2019,0,NA,0
"3199",6852,2020,0,NA,0
"5156",6852,2022,0,NA,0
"1409",6849,2018,0,NA,0
"2217",6849,2019,0,NA,0
"3198",6849,2020,0,NA,0
"5155",6849,2022,0,NA,0
"1408",6847,2018,0,NA,0
"3197",6847,2020,0,NA,0
"4194",6847,2021,0,NA,0
"5154",6847,2022,0,NA,0
"1407",6836,2018,0,NA,0
"3196",6836,2020,0,NA,0
"1406",6766,2017,0,NA,0
"2216",6766,2018,0,NA,0
"3195",6766,2019,0,NA,0
"4193",6766,2020,0,NA,0
"6",6766,2022,0,NA,0
"1405",6765,2017,0,NA,0
"2215",6765,2018,0,NA,0
"3194",6765,2019,0,NA,0
"4192",6765,2020,0,NA,0
"1404",6754,2017,0,NA,0
"2214",6754,2018,0,NA,0
"3193",6754,2019,0,NA,0
"4191",6754,2020,0,NA,0
"6168",6754,2022,0,NA,0
"1403",6737,2017,0,NA,0
"3192",6737,2019,0,NA,0
"6167",6737,2022,0,NA,0
"1402",6707,2017,0,NA,0
"3191",6707,2019,0,NA,0
"5153",6707,2021,0,NA,0
"6166",6707,2022,0,NA,0
"1401",6704,2017,0,NA,0
"2213",6704,2018,0,NA,0
"3190",6704,2019,0,NA,0
"4190",6704,2020,0,NA,0
"5152",6704,2021,0,NA,0
"1400",6690,2017,0,NA,0
"3189",6690,2019,0,NA,0
"4189",6690,2020,0,NA,0
"5151",6690,2021,0,NA,0
"1399",6673,2016,0,NA,0
"2212",6673,2017,0,NA,0
"6165",6673,2021,0,NA,0
"7",6673,2022,0,NA,0
"1398",6659,2016,0,NA,0
"3188",6659,2018,0,NA,0
"4188",6659,2019,0,NA,0
"5150",6659,2020,0,NA,0
"6164",6659,2021,0,NA,0
"7152",6659,2022,0,NA,0
"1397",6656,2016,0,NA,0
"2211",6656,2017,0,NA,0
"3187",6656,2018,0,NA,0
"4187",6656,2019,0,NA,0
"6163",6656,2021,0,NA,0
"7151",6656,2022,0,NA,0
"1396",6652,2016,0,NA,0
"3186",6652,2018,0,NA,0
"4186",6652,2019,0,NA,0
"5149",6652,2020,0,NA,0
"6162",6652,2021,0,NA,0
"7150",6652,2022,0,NA,0
"1395",6644,2016,0,NA,0
"2210",6644,2017,0,NA,0
"3185",6644,2018,0,NA,0
"5148",6644,2020,0,NA,0
"6161",6644,2021,0,NA,0
"7149",6644,2022,0,NA,0
"1394",6568,2016,0,NA,0
"2209",6568,2017,0,NA,0
"3184",6568,2018,0,NA,0
"5147",6568,2020,0,NA,0
"6160",6568,2021,0,NA,0
"7148",6568,2022,0,NA,0
"1393",6561,2016,0,NA,0
"2208",6561,2017,0,NA,0
"4185",6561,2019,0,NA,0
"5146",6561,2020,0,NA,0
"1392",6554,2016,0,NA,0
"2207",6554,2017,0,NA,0
"7147",6554,2022,0,NA,0
"1391",6551,2016,0,NA,0
"4184",6551,2019,0,NA,0
"6159",6551,2021,0,NA,0
"7146",6551,2022,0,NA,0
"1390",6546,2016,0,NA,0
"2206",6546,2017,0,NA,0
"3183",6546,2018,0,NA,0
"4183",6546,2019,0,NA,0
"1389",6378,2015,0,NA,0
"2205",6378,2016,0,NA,0
"4182",6378,2018,0,NA,0
"5145",6378,2019,0,NA,0
"6158",6378,2020,0,NA,0
"7145",6378,2021,0,NA,0
"8",6378,2022,0,NA,0
"1388",6272,2014,0,NA,0
"2204",6272,2015,0,NA,0
"3182",6272,2016,0,NA,0
"4181",6272,2017,0,NA,0
"7144",6272,2020,0,NA,0
"8134",6272,2021,0,NA,0
"1387",6233,2014,0,NA,0
"2203",6233,2015,0,NA,0
"3181",6233,2016,0,NA,0
"4180",6233,2017,0,NA,0
"5144",6233,2018,0,NA,0
"7143",6233,2020,0,NA,0
"8133",6233,2021,0,NA,0
"9",6233,2022,0,NA,0
"1386",6229,2014,0,NA,0
"4179",6229,2017,0,NA,0
"6157",6229,2019,0,NA,0
"8132",6229,2021,0,NA,0
"1385",6217,2014,0,NA,0
"3180",6217,2016,0,NA,0
"4178",6217,2017,0,NA,0
"6156",6217,2019,0,NA,0
"7142",6217,2020,0,NA,0
"8131",6217,2021,0,NA,0
"9103",6217,2022,0,NA,0
"1384",6215,2014,0,NA,0
"2202",6215,2015,0,NA,0
"3179",6215,2016,0,NA,0
"4177",6215,2017,0,NA,0
"6155",6215,2019,0,NA,0
"7141",6215,2020,0,NA,0
"8130",6215,2021,0,NA,0
"1383",6214,2014,0,NA,0
"1382",6211,2014,0,NA,0
"2201",6211,2015,0,NA,0
"3178",6211,2016,0,NA,0
"4176",6211,2017,0,NA,0
"8129",6211,2021,0,NA,0
"9102",6211,2022,0,NA,0
"1381",6199,2014,0,NA,0
"2200",6199,2015,0,NA,0
"4175",6199,2017,0,NA,0
"5143",6199,2018,0,NA,0
"6154",6199,2019,0,NA,0
"8128",6199,2021,0,NA,0
"9101",6199,2022,0,NA,0
"1380",6195,2014,0,NA,0
"2199",6195,2015,0,NA,0
"3177",6195,2016,0,NA,0
"4174",6195,2017,0,NA,0
"6153",6195,2019,0,NA,0
"7140",6195,2020,0,NA,0
"8127",6195,2021,0,NA,0
"9100",6195,2022,0,NA,0
"1379",6194,2014,0,NA,0
"3176",6194,2016,0,NA,0
"4173",6194,2017,0,NA,0
"1378",6191,2014,0,NA,0
"2198",6191,2015,0,NA,0
"3175",6191,2016,0,NA,0
"5142",6191,2018,0,NA,0
"6152",6191,2019,0,NA,0
"7139",6191,2020,0,NA,0
"8126",6191,2021,0,NA,0
"999",6191,2022,0,NA,0
"1377",6188,2014,0,NA,0
"2197",6188,2015,0,NA,0
"3174",6188,2016,0,NA,0
"4172",6188,2017,0,NA,0
"6151",6188,2019,0,NA,0
"7138",6188,2020,0,NA,0
"1376",6187,2014,0,NA,0
"2196",6187,2015,0,NA,0
"3173",6187,2016,0,NA,0
"4171",6187,2017,0,NA,0
"7137",6187,2020,0,NA,0
"8125",6187,2021,0,NA,0
"998",6187,2022,0,NA,0
"1375",6186,2014,0,NA,0
"2195",6186,2015,0,NA,0
"5141",6186,2018,0,NA,0
"6150",6186,2019,0,NA,0
"7136",6186,2020,0,NA,0
"8124",6186,2021,0,NA,0
"997",6186,2022,0,NA,0
"1374",6185,2014,0,NA,0
"2194",6185,2015,0,NA,0
"3172",6185,2016,0,NA,0
"4170",6185,2017,0,NA,0
"5140",6185,2018,0,NA,0
"8123",6185,2021,0,NA,0
"996",6185,2022,0,NA,0
"1373",6182,2014,0,NA,0
"3171",6182,2016,0,NA,0
"1372",6181,2014,0,NA,0
"3170",6181,2016,0,NA,0
"4169",6181,2017,0,NA,0
"6149",6181,2019,0,NA,0
"1371",6174,2014,0,NA,0
"2193",6174,2015,0,NA,0
"3169",6174,2016,0,NA,0
"5139",6174,2018,0,NA,0
"6148",6174,2019,0,NA,0
"7135",6174,2020,0,NA,0
"8122",6174,2021,0,NA,0
"1370",6168,2014,0,NA,0
"2192",6168,2015,0,NA,0
"3168",6168,2016,0,NA,0
"4168",6168,2017,0,NA,0
"5138",6168,2018,0,NA,0
"7134",6168,2020,0,NA,0
"8121",6168,2021,0,NA,0
"1369",6162,2014,0,NA,0
"2191",6162,2015,0,NA,0
"3167",6162,2016,0,NA,0
"4167",6162,2017,0,NA,0
"5137",6162,2018,0,NA,0
"6147",6162,2019,0,NA,0
"8120",6162,2021,0,NA,0
"995",6162,2022,0,NA,0
"1368",6161,2014,0,NA,0
"2190",6161,2015,0,NA,0
"3166",6161,2016,0,NA,0
"5136",6161,2018,0,NA,0
"7133",6161,2020,0,NA,0
"8119",6161,2021,0,NA,0
"994",6161,2022,0,NA,0
"1367",6160,2014,0,NA,0
"2189",6160,2015,0,NA,0
"3165",6160,2016,0,NA,0
"6146",6160,2019,0,NA,0
"1366",6159,2014,0,NA,0
"2188",6159,2015,0,NA,0
"3164",6159,2016,0,NA,0
"4166",6159,2017,0,NA,0
"6145",6159,2019,0,NA,0
"7132",6159,2020,0,NA,0
"8118",6159,2021,0,NA,0
"993",6159,2022,0,NA,0
"1365",6143,2014,0,NA,0
"2187",6143,2015,0,NA,0
"3163",6143,2016,0,NA,0
"5135",6143,2018,0,NA,0
"6144",6143,2019,0,NA,0
"7131",6143,2020,0,NA,0
"8117",6143,2021,0,NA,0
"1364",6139,2014,0,NA,0
"2186",6139,2015,0,NA,0
"3162",6139,2016,0,NA,0
"4165",6139,2017,0,NA,0
"6143",6139,2019,0,NA,0
"7130",6139,2020,0,NA,0
"1363",6138,2014,0,NA,0
"2185",6138,2015,0,NA,0
"4164",6138,2017,0,NA,0
"5134",6138,2018,0,NA,0
"6142",6138,2019,0,NA,0
"2184",6066,2015,0,NA,0
"1362",6064,2014,0,NA,0
"2183",6064,2015,0,NA,0
"3161",6064,2016,0,NA,0
"4163",6064,2017,0,NA,0
"7129",6064,2020,0,NA,0
"8116",6064,2021,0,NA,0
"2182",6061,2015,0,NA,0
"3160",6061,2016,0,NA,0
"5133",6061,2018,0,NA,0
"6141",6061,2019,0,NA,0
"1361",6048,2013,0,NA,0
"3159",6048,2015,0,NA,0
"4162",6048,2016,0,NA,0
"5132",6048,2017,0,NA,0
"6140",6048,2018,0,NA,0
"7128",6048,2019,0,NA,0
"8115",6048,2020,0,NA,0
"992",6048,2021,0,NA,0
"1360",6044,2013,0,NA,0
"2181",6044,2014,0,NA,0
"3158",6044,2015,0,NA,0
"4161",6044,2016,0,NA,0
"7127",6044,2019,0,NA,0
"8114",6044,2020,0,NA,0
"991",6044,2021,0,NA,0
"10",6044,2022,0,NA,0
"1359",6036,2013,0,NA,0
"2180",6036,2014,0,NA,0
"7126",6036,2019,0,NA,0
"8113",6036,2020,0,NA,0
"990",6036,2021,0,NA,0
"1085",6036,2022,0,NA,0
"1358",6034,2013,0,NA,0
"2179",6034,2014,0,NA,0
"4160",6034,2016,0,NA,0
"6139",6034,2018,0,NA,0
"7125",6034,2019,0,NA,0
"1357",6028,2013,0,NA,0
"4159",6028,2016,0,NA,0
"7124",6028,2019,0,NA,0
"8112",6028,2020,0,NA,0
"989",6028,2021,0,NA,0
"1084",6028,2022,0,NA,0
"1356",6009,2013,0,NA,0
"2178",6009,2014,0,NA,0
"3157",6009,2015,0,NA,0
"7123",6009,2019,0,NA,0
"8111",6009,2020,0,NA,0
"1083",6009,2022,0,NA,0
"1355",5854,2012,0,NA,0
"2177",5854,2013,0,NA,0
"3156",5854,2014,0,NA,0
"5131",5854,2016,0,NA,0
"6138",5854,2017,0,NA,0
"7122",5854,2018,0,NA,0
"1354",5851,2012,0,NA,0
"2176",5851,2013,0,NA,0
"3155",5851,2014,0,NA,0
"4158",5851,2015,0,NA,0
"6137",5851,2017,0,NA,0
"7121",5851,2018,0,NA,0
"1353",5843,2012,0,NA,0
"2175",5843,2013,0,NA,0
"4157",5843,2015,0,NA,0
"5130",5843,2016,0,NA,0
"7120",5843,2018,0,NA,0
"1352",5842,2012,0,NA,0
"2174",5842,2013,0,NA,0
"4156",5842,2015,0,NA,0
"1351",5838,2012,0,NA,0
"2173",5838,2013,0,NA,0
"6136",5838,2017,0,NA,0
"7119",5838,2018,0,NA,0
"8110",5838,2019,0,NA,0
"1082",5838,2021,0,NA,0
"1350",5833,2012,0,NA,0
"2172",5833,2013,0,NA,0
"4155",5833,2015,0,NA,0
"6135",5833,2017,0,NA,0
"8109",5833,2019,0,NA,0
"1349",5823,2012,0,NA,0
"2171",5823,2013,0,NA,0
"3154",5823,2014,0,NA,0
"4154",5823,2015,0,NA,0
"5129",5823,2016,0,NA,0
"7118",5823,2018,0,NA,0
"8108",5823,2019,0,NA,0
"988",5823,2020,0,NA,0
"1081",5823,2021,0,NA,0
"11",5823,2022,0,NA,0
"1348",5766,2012,0,NA,0
"4153",5766,2015,0,NA,0
"1347",5749,2012,0,NA,0
"2170",5749,2013,0,NA,0
"5128",5749,2016,0,NA,0
"6134",5749,2017,0,NA,0
"7117",5749,2018,0,NA,0
"1346",5685,2011,0,NA,0
"3153",5685,2013,0,NA,0
"1345",5683,2011,0,NA,0
"3152",5683,2013,0,NA,0
"5127",5683,2015,0,NA,0
"6133",5683,2016,0,NA,0
"8107",5683,2018,0,NA,0
"987",5683,2019,0,NA,0
"1080",5683,2020,0,NA,0
"11123",5683,2021,0,NA,0
"12",5683,2022,0,NA,0
"1344",5657,2011,0,NA,0
"2169",5657,2012,0,NA,0
"3151",5657,2013,0,NA,0
"5126",5657,2015,0,NA,0
"6132",5657,2016,0,NA,0
"7116",5657,2017,0,NA,0
"8106",5657,2018,0,NA,0
"986",5657,2019,0,NA,0
"1079",5657,2020,0,NA,0
"11122",5657,2021,0,NA,0
"12104",5657,2022,0,NA,0
"1343",5652,2011,0,NA,0
"2168",5652,2012,0,NA,0
"3150",5652,2013,0,NA,0
"4152",5652,2014,0,NA,0
"6131",5652,2016,0,NA,0
"1342",5641,2011,0,NA,0
"2167",5641,2012,0,NA,0
"3149",5641,2013,0,NA,0
"5125",5641,2015,0,NA,0
"6130",5641,2016,0,NA,0
"8105",5641,2018,0,NA,0
"1341",5640,2011,0,NA,0
"2166",5640,2012,0,NA,0
"3148",5640,2013,0,NA,0
"4151",5640,2014,0,NA,0
"6129",5640,2016,0,NA,0
"8104",5640,2018,0,NA,0
"985",5640,2019,0,NA,0
"1078",5640,2020,0,NA,0
"11121",5640,2021,0,NA,0
"12103",5640,2022,0,NA,0
"1340",5635,2011,0,NA,0
"2165",5635,2012,0,NA,0
"3147",5635,2013,0,NA,0
"5124",5635,2015,0,NA,0
"8103",5635,2018,0,NA,0
"984",5635,2019,0,NA,0
"11120",5635,2021,0,NA,0
"1309",5634,2011,0,NA,0
"2164",5634,2012,0,NA,0
"3146",5634,2013,0,NA,0
"5123",5634,2015,0,NA,0
"7115",5634,2017,0,NA,0
"8102",5634,2018,0,NA,0
"1308",5630,2011,0,NA,0
"2163",5630,2012,0,NA,0
"4150",5630,2014,0,NA,0
"6128",5630,2016,0,NA,0
"7114",5630,2017,0,NA,0
"8101",5630,2018,0,NA,0
"983",5630,2019,0,NA,0
"1077",5630,2020,0,NA,0
"11119",5630,2021,0,NA,0
"12102",5630,2022,0,NA,0
"1307",5625,2011,0,NA,0
"2162",5625,2012,0,NA,0
"3145",5625,2013,0,NA,0
"5122",5625,2015,0,NA,0
"1306",5621,2011,0,NA,0
"2161",5621,2012,0,NA,0
"3144",5621,2013,0,NA,0
"4149",5621,2014,0,NA,0
"7113",5621,2017,0,NA,0
"8100",5621,2018,0,NA,0
"982",5621,2019,0,NA,0
"1076",5621,2020,0,NA,0
"11118",5621,2021,0,NA,0
"12101",5621,2022,0,NA,0
"1305",5613,2011,0,NA,0
"3143",5613,2013,0,NA,0
"4148",5613,2014,0,NA,0
"6127",5613,2016,0,NA,0
"7112",5613,2017,0,NA,0
"1304",5608,2011,0,NA,0
"2160",5608,2012,0,NA,0
"3142",5608,2013,0,NA,0
"1303",5589,2011,0,NA,0
"2159",5589,2012,0,NA,0
"4147",5589,2014,0,NA,0
"6126",5589,2016,0,NA,0
"7111",5589,2017,0,NA,0
"899",5589,2018,0,NA,0
"1302",5575,2010,0,NA,0
"2158",5575,2011,0,NA,0
"3141",5575,2012,0,NA,0
"4146",5575,2013,0,NA,0
"7110",5575,2016,0,NA,0
"898",5575,2017,0,NA,0
"1301",5573,2010,0,NA,0
"2157",5573,2011,0,NA,0
"4145",5573,2013,0,NA,0
"5121",5573,2016,0,NA,0
"1300",5562,2010,0,NA,0
"3140",5562,2012,0,NA,0
"4144",5562,2013,0,NA,0
"1299",5549,2010,0,NA,0
"2156",5549,2011,0,NA,0
"4143",5549,2013,0,NA,0
"7109",5549,2016,0,NA,0
"981",5549,2018,0,NA,0
"1075",5549,2019,0,NA,0
"1298",5545,2010,0,NA,0
"2155",5545,2011,0,NA,0
"3139",5545,2012,0,NA,0
"4142",5545,2013,0,NA,0
"6125",5545,2015,0,NA,0
"1074",5545,2019,0,NA,0
"11117",5545,2020,0,NA,0
"12100",5545,2021,0,NA,0
"13",5545,2022,0,NA,0
"1296",5543,2010,0,NA,0
"2154",5543,2011,0,NA,0
"3138",5543,2012,0,NA,0
"4141",5543,2013,0,NA,0
"6124",5543,2015,0,NA,0
"897",5543,2017,0,NA,0
"1073",5543,2019,0,NA,0
"1297",5543,2021,0,NA,0
"1339",5543,2022,0,NA,0
"1294",5537,2010,0,NA,0
"2153",5537,2011,0,NA,0
"3137",5537,2012,0,NA,0
"4140",5537,2013,0,NA,0
"5120",5537,2014,0,NA,0
"7108",5537,2016,0,NA,0
"896",5537,2017,0,NA,0
"980",5537,2018,0,NA,0
"1072",5537,2019,0,NA,0
"1293",5536,2010,0,NA,0
"2152",5536,2011,0,NA,0
"3136",5536,2012,0,NA,0
"4139",5536,2013,0,NA,0
"6123",5536,2015,0,NA,0
"2151",5531,2011,0,NA,0
"3135",5531,2012,0,NA,0
"4138",5531,2013,0,NA,0
"5119",5531,2016,0,NA,0
"1292",5530,2010,0,NA,0
"2150",5530,2011,0,NA,0
"3134",5530,2012,0,NA,0
"4137",5530,2013,0,NA,0
"6122",5530,2015,0,NA,0
"7107",5530,2016,0,NA,0
"895",5530,2017,0,NA,0
"979",5530,2018,0,NA,0
"1071",5530,2019,0,NA,0
"1291",5524,2010,0,NA,0
"2149",5524,2011,0,NA,0
"3133",5524,2012,0,NA,0
"4136",5524,2013,0,NA,0
"7106",5524,2016,0,NA,0
"978",5524,2018,0,NA,0
"1290",5521,2010,0,NA,0
"2148",5521,2011,0,NA,0
"3132",5521,2012,0,NA,0
"4135",5521,2013,0,NA,0
"6121",5521,2015,0,NA,0
"7105",5521,2016,0,NA,0
"894",5521,2017,0,NA,0
"977",5521,2018,0,NA,0
"11116",5521,2020,0,NA,0
"1295",5521,2021,0,NA,0
"1338",5521,2022,0,NA,0
"1288",5518,2010,0,NA,0
"2147",5518,2011,0,NA,0
"4134",5518,2013,0,NA,0
"7104",5518,2016,0,NA,0
"893",5518,2017,0,NA,0
"1287",5517,2010,0,NA,0
"2146",5517,2011,0,NA,0
"4133",5517,2013,0,NA,0
"5118",5517,2014,0,NA,0
"7103",5517,2016,0,NA,0
"892",5517,2017,0,NA,0
"1286",5514,2010,0,NA,0
"2145",5514,2011,0,NA,0
"4132",5514,2013,0,NA,0
"6120",5514,2015,0,NA,0
"7102",5514,2016,0,NA,0
"891",5514,2017,0,NA,0
"976",5514,2018,0,NA,0
"1285",5511,2010,0,NA,0
"4131",5511,2013,0,NA,0
"5117",5511,2014,0,NA,0
"7101",5511,2016,0,NA,0
"890",5511,2017,0,NA,0
"975",5511,2018,0,NA,0
"1284",5465,2009,0,NA,0
"2144",5465,2010,0,NA,0
"3131",5465,2011,0,NA,0
"4130",5465,2012,0,NA,0
"5116",5465,2013,0,NA,0
"6119",5465,2014,0,NA,0
"889",5465,2016,0,NA,0
"974",5465,2017,0,NA,0
"1070",5465,2018,0,NA,0
"11115",5465,2019,0,NA,0
"1283",5452,2009,0,NA,0
"2143",5452,2010,0,NA,0
"3130",5452,2011,0,NA,0
"4129",5452,2012,0,NA,0
"5115",5452,2013,0,NA,0
"6118",5452,2014,0,NA,0
"7100",5452,2015,0,NA,0
"888",5452,2016,0,NA,0
"973",5452,2017,0,NA,0
"11114",5452,2019,0,NA,0
"1289",5452,2020,0,NA,0
"1337",5452,2021,0,NA,0
"1281",5450,2009,0,NA,0
"2142",5450,2010,0,NA,0
"4128",5450,2012,0,NA,0
"5114",5450,2013,0,NA,0
"6117",5450,2014,0,NA,0
"799",5450,2015,0,NA,0
"1280",5337,2009,0,NA,0
"2141",5337,2010,0,NA,0
"4127",5337,2012,0,NA,0
"5113",5337,2013,0,NA,0
"6116",5337,2014,0,NA,0
"798",5337,2015,0,NA,0
"887",5337,2016,0,NA,0
"972",5337,2017,0,NA,0
"1069",5337,2018,0,NA,0
"1279",5336,2009,0,NA,0
"1278",5324,2009,0,NA,0
"5112",5324,2013,0,NA,0
"2140",5320,2010,0,NA,0
"3129",5320,2011,0,NA,0
"4126",5320,2012,0,NA,0
"5111",5320,2013,0,NA,0
"1277",5319,2009,0,NA,0
"2139",5319,2010,0,NA,0
"4125",5319,2012,0,NA,0
"5110",5319,2013,0,NA,0
"797",5319,2015,0,NA,0
"886",5319,2016,0,NA,0
"971",5319,2017,0,NA,0
"1068",5319,2018,0,NA,0
"11113",5319,2019,0,NA,0
"1282",5319,2020,0,NA,0
"14",5319,2022,0,NA,0
"1275",5284,2009,0,NA,0
"5109",5284,2013,0,NA,0
"6115",5284,2014,0,NA,0
"796",5284,2015,0,NA,0
"1274",5282,2009,0,NA,0
"2138",5282,2010,0,NA,0
"3128",5282,2011,0,NA,0
"4124",5282,2012,0,NA,0
"5108",5282,2013,0,NA,0
"795",5282,2015,0,NA,0
"1273",5277,2009,0,NA,0
"2137",5277,2010,0,NA,0
"4123",5277,2012,0,NA,0
"5107",5277,2013,0,NA,0
"794",5277,2015,0,NA,0
"1272",5267,2008,0,NA,0
"3127",5267,2010,0,NA,0
"4122",5267,2011,0,NA,0
"6114",5267,2013,0,NA,0
"793",5267,2014,0,NA,0
"885",5267,2015,0,NA,0
"1271",5224,2008,0,NA,0
"2136",5224,2009,0,NA,0
"4121",5224,2011,0,NA,0
"5106",5224,2012,0,NA,0
"6113",5224,2013,0,NA,0
"792",5224,2014,0,NA,0
"1270",5217,2008,0,NA,0
"2135",5217,2009,0,NA,0
"5105",5217,2012,0,NA,0
"6112",5217,2013,0,NA,0
"791",5217,2014,0,NA,0
"884",5217,2015,0,NA,0
"1269",5212,2008,0,NA,0
"2134",5212,2009,0,NA,0
"3126",5212,2010,0,NA,0
"4120",5212,2011,0,NA,0
"6111",5212,2013,0,NA,0
"883",5212,2015,0,NA,0
"970",5212,2016,0,NA,0
"1067",5212,2017,0,NA,0
"11112",5212,2018,0,NA,0
"1268",5195,2008,0,NA,0
"2133",5195,2009,0,NA,0
"3125",5195,2010,0,NA,0
"5104",5195,2012,0,NA,0
"6110",5195,2013,0,NA,0
"882",5195,2015,0,NA,0
"1267",5173,2008,0,NA,0
"2132",5173,2009,0,NA,0
"3124",5173,2010,0,NA,0
"4119",5173,2011,0,NA,0
"5103",5173,2012,0,NA,0
"6109",5173,2013,0,NA,0
"969",5173,2016,0,NA,0
"1066",5173,2017,0,NA,0
"11111",5173,2018,0,NA,0
"1266",5168,2008,0,NA,0
"2131",5168,2009,0,NA,0
"1265",5163,2008,0,NA,0
"3123",5163,2010,0,NA,0
"4118",5163,2011,0,NA,0
"6108",5163,2013,0,NA,0
"1264",5132,2007,0,NA,0
"2130",5132,2008,0,NA,0
"3122",5132,2009,0,NA,0
"4117",5132,2010,0,NA,0
"5102",5132,2011,0,NA,0
"6107",5132,2012,0,NA,0
"790",5132,2013,0,NA,0
"968",5132,2015,0,NA,0
"1065",5132,2016,0,NA,0
"11110",5132,2017,0,NA,0
"1263",5128,2007,0,NA,0
"2129",5128,2008,0,NA,0
"3121",5128,2009,0,NA,0
"4116",5128,2010,0,NA,0
"5101",5128,2011,0,NA,0
"789",5128,2013,0,NA,0
"967",5128,2015,0,NA,0
"1064",5128,2016,0,NA,0
"11109",5128,2017,0,NA,0
"1276",5128,2018,0,NA,0
"1336",5128,2019,0,NA,0
"1261",5125,2007,0,NA,0
"2128",5125,2008,0,NA,0
"3120",5125,2009,0,NA,0
"4115",5125,2010,0,NA,0
"5100",5125,2011,0,NA,0
"788",5125,2013,0,NA,0
"881",5125,2014,0,NA,0
"1260",5123,2007,0,NA,0
"2127",5123,2008,0,NA,0
"4114",5123,2010,0,NA,0
"599",5123,2011,0,NA,0
"787",5123,2013,0,NA,0
"1259",5075,2007,0,NA,0
"2126",5075,2008,0,NA,0
"3119",5075,2009,0,NA,0
"4113",5075,2010,0,NA,0
"6106",5075,2012,0,NA,0
"786",5075,2013,0,NA,0
"880",5075,2014,0,NA,0
"1063",5075,2016,0,NA,0
"1262",5075,2018,0,NA,0
"1335",5075,2019,0,NA,0
"1257",5009,2007,0,NA,0
"2125",5009,2008,0,NA,0
"3118",5009,2009,0,NA,0
"4112",5009,2010,0,NA,0
"598",5009,2011,0,NA,0
"6105",5009,2012,0,NA,0
"785",5009,2013,0,NA,0
"879",5009,2014,0,NA,0
"966",5009,2015,0,NA,0
"1062",5009,2016,0,NA,0
"11108",5009,2017,0,NA,0
"1334",5009,2019,0,NA,0
"1429",5009,2020,0,NA,0
"15",5009,2021,0,NA,0
"16",5009,2022,0,NA,0
"1256",4999,2007,0,NA,0
"2124",4999,2008,0,NA,0
"3117",4999,2009,0,NA,0
"4111",4999,2010,0,NA,0
"6104",4999,2012,0,NA,0
"784",4999,2013,0,NA,0
"878",4999,2014,0,NA,0
"965",4999,2015,0,NA,0
"1255",4973,2007,0,NA,0
"2123",4973,2008,0,NA,0
"3116",4973,2009,0,NA,0
"597",4973,2011,0,NA,0
"6103",4973,2012,0,NA,0
"783",4973,2013,0,NA,0
"877",4973,2014,0,NA,0
"964",4973,2015,0,NA,0
"1254",4971,2007,0,NA,0
"2122",4971,2008,0,NA,0
"3115",4971,2009,0,NA,0
"4110",4971,2010,0,NA,0
"6102",4971,2012,0,NA,0
"782",4971,2013,0,NA,0
"876",4971,2014,0,NA,0
"1253",4965,2007,0,NA,0
"4109",4965,2010,0,NA,0
"596",4965,2011,0,NA,0
"6101",4965,2012,0,NA,0
"875",4965,2014,0,NA,0
"963",4965,2015,0,NA,0
"1061",4965,2016,0,NA,0
"1258",4965,2018,0,NA,0
"1333",4965,2019,0,NA,0
"1428",4965,2020,0,NA,0
"1251",4964,2007,0,NA,0
"2121",4964,2008,0,NA,0
"4108",4964,2010,0,NA,0
"1250",4958,2007,0,NA,0
"2120",4958,2008,0,NA,0
"3114",4958,2009,0,NA,0
"6100",4958,2012,0,NA,0
"962",4958,2015,0,NA,0
"11107",4958,2017,0,NA,0
"1332",4958,2019,0,NA,0
"1427",4958,2020,0,NA,0
"1523",4958,2021,0,NA,0
"1249",4936,2006,0,NA,0
"2119",4936,2007,0,NA,0
"3113",4936,2008,0,NA,0
"595",4936,2010,0,NA,0
"699",4936,2011,0,NA,0
"1248",4935,2006,0,NA,0
"2118",4935,2007,0,NA,0
"3112",4935,2008,0,NA,0
"594",4935,2010,0,NA,0
"1247",4917,2006,0,NA,0
"2117",4917,2007,0,NA,0
"3111",4917,2008,0,NA,0
"4107",4917,2009,0,NA,0
"698",4917,2011,0,NA,0
"781",4917,2012,0,NA,0
"874",4917,2013,0,NA,0
"961",4917,2014,0,NA,0
"1060",4917,2015,0,NA,0
"11106",4917,2016,0,NA,0
"1252",4917,2017,0,NA,0
"1331",4917,2018,0,NA,0
"1245",4896,2006,0,NA,0
"2116",4896,2007,0,NA,0
"3110",4896,2008,0,NA,0
"4106",4896,2009,0,NA,0
"593",4896,2010,0,NA,0
"697",4896,2011,0,NA,0
"780",4896,2012,0,NA,0
"1059",4896,2015,0,NA,0
"11105",4896,2016,0,NA,0
"1246",4896,2017,0,NA,0
"1243",4883,2006,0,NA,0
"2115",4883,2007,0,NA,0
"3109",4883,2008,0,NA,0
"592",4883,2010,0,NA,0
"696",4883,2011,0,NA,0
"779",4883,2012,0,NA,0
"873",4883,2013,0,NA,0
"960",4883,2014,0,NA,0
"1209",4868,2006,0,NA,0
"2114",4868,2007,0,NA,0
"3108",4868,2008,0,NA,0
"591",4868,2010,0,NA,0
"1208",4863,2006,0,NA,0
"2113",4863,2007,0,NA,0
"3107",4863,2008,0,NA,0
"4105",4863,2009,0,NA,0
"1207",4861,2006,0,NA,0
"2112",4861,2007,0,NA,0
"3106",4861,2008,0,NA,0
"4104",4861,2009,0,NA,0
"590",4861,2010,0,NA,0
"695",4861,2011,0,NA,0
"778",4861,2012,0,NA,0
"872",4861,2013,0,NA,0
"1058",4861,2015,0,NA,0
"11104",4861,2016,0,NA,0
"1330",4861,2018,0,NA,0
"1426",4861,2019,0,NA,0
"1522",4861,2020,0,NA,0
"1206",3699,2005,0,NA,0
"2111",3699,2006,0,NA,0
"3105",3699,2007,0,NA,0
"4103",3699,2008,0,NA,0
"589",3699,2009,0,NA,0
"694",3699,2010,0,NA,0
"777",3699,2011,0,NA,0
"871",3699,2012,0,NA,0
"1057",3699,2014,0,NA,0
"11103",3699,2015,0,NA,0
"1244",3699,2016,0,NA,0
"1329",3699,2017,0,NA,0
"1425",3699,2018,0,NA,0
"1205",3698,2005,0,NA,0
"2110",3698,2006,0,NA,0
"588",3698,2009,0,NA,0
"693",3698,2010,0,NA,0
"776",3698,2011,0,NA,0
"870",3698,2012,0,NA,0
"959",3698,2013,0,NA,0
"1056",3698,2014,0,NA,0
"11102",3698,2015,0,NA,0
"1242",3698,2016,0,NA,0
"1328",3698,2017,0,NA,0
"1424",3698,2018,0,NA,0
"1204",3695,2005,0,NA,0
"2109",3695,2006,0,NA,0
"3104",3695,2007,0,NA,0
"4102",3695,2008,0,NA,0
"1203",3616,2005,0,NA,0
"2108",3616,2006,0,NA,0
"3103",3616,2007,0,NA,0
"4101",3616,2008,0,NA,0
"587",3616,2009,0,NA,0
"1202",3608,2005,0,NA,0
"2107",3608,2006,0,NA,0
"3102",3608,2007,0,NA,0
"692",3608,2010,0,NA,0
"869",3608,2012,0,NA,0
"958",3608,2013,0,NA,0
"11101",3608,2015,0,NA,0
"1201",3606,2005,0,NA,0
"2106",3606,2006,0,NA,0
"3101",3606,2007,0,NA,0
"4100",3606,2008,0,NA,0
"691",3606,2010,0,NA,0
"775",3606,2011,0,NA,0
"868",3606,2012,0,NA,0
"1055",3606,2014,0,NA,0
"1200",3604,2005,0,NA,0
"2105",3604,2006,0,NA,0
"3100",3604,2007,0,NA,0
"499",3604,2008,0,NA,0
"690",3604,2010,0,NA,0
"867",3604,2012,0,NA,0
"1199",3596,2005,0,NA,0
"2104",3596,2006,0,NA,0
"399",3596,2007,0,NA,0
"586",3596,2009,0,NA,0
"774",3596,2011,0,NA,0
"957",3596,2013,0,NA,0
"1054",3596,2014,0,NA,0
"11100",3596,2015,0,NA,0
"1241",3596,2016,0,NA,0
"1327",3596,2017,0,NA,0
"1423",3596,2018,0,NA,0
"1521",3596,2019,0,NA,0
"1197",3595,2005,0,NA,0
"2103",3595,2006,0,NA,0
"498",3595,2008,0,NA,0
"585",3595,2009,0,NA,0
"689",3595,2010,0,NA,0
"773",3595,2011,0,NA,0
"1053",3595,2014,0,NA,0
"1198",3595,2015,0,NA,0
"1240",3595,2016,0,NA,0
"1422",3595,2018,0,NA,0
"1520",3595,2019,0,NA,0
"1195",3594,2005,0,NA,0
"2102",3594,2006,0,NA,0
"398",3594,2007,0,NA,0
"497",3594,2008,0,NA,0
"688",3594,2010,0,NA,0
"772",3594,2011,0,NA,0
"866",3594,2012,0,NA,0
"956",3594,2013,0,NA,0
"1052",3594,2014,0,NA,0
"1196",3594,2015,0,NA,0
"1239",3594,2016,0,NA,0
"1326",3594,2017,0,NA,0
"1193",3590,2005,0,NA,0
"2101",3590,2006,0,NA,0
"397",3590,2007,0,NA,0
"496",3590,2008,0,NA,0
"687",3590,2010,0,NA,0
"1192",3574,2005,0,NA,0
"2100",3574,2006,0,NA,0
"396",3574,2007,0,NA,0
"495",3574,2008,0,NA,0
"686",3574,2010,0,NA,0
"771",3574,2011,0,NA,0
"865",3574,2012,0,NA,0
"955",3574,2013,0,NA,0
"1051",3574,2014,0,NA,0
"1194",3574,2015,0,NA,0
"1238",3574,2016,0,NA,0
"1190",3567,2005,0,NA,0
"299",3567,2006,0,NA,0
"395",3567,2007,0,NA,0
"494",3567,2008,0,NA,0
"584",3567,2009,0,NA,0
"685",3567,2010,0,NA,0
"864",3567,2012,0,NA,0
"1191",3567,2015,0,NA,0
"1188",3518,2005,0,NA,0
"298",3518,2006,0,NA,0
"493",3518,2008,0,NA,0
"770",3518,2011,0,NA,0
"863",3518,2012,0,NA,0
"954",3518,2013,0,NA,0
"1050",3518,2014,0,NA,0
"1187",3517,2005,0,NA,0
"394",3517,2007,0,NA,0
"492",3517,2008,0,NA,0
"583",3517,2009,0,NA,0
"684",3517,2010,0,NA,0
"862",3517,2012,0,NA,0
"1186",3507,2005,0,NA,0
"393",3507,2007,0,NA,0
"491",3507,2008,0,NA,0
"582",3507,2009,0,NA,0
"683",3507,2010,0,NA,0
"769",3507,2011,0,NA,0
"861",3507,2012,0,NA,0
"953",3507,2013,0,NA,0
"1185",3500,2005,0,NA,0
"490",3500,2008,0,NA,0
"581",3500,2009,0,NA,0
"1184",3497,2005,0,NA,0
"297",3497,2006,0,NA,0
"489",3497,2008,0,NA,0
"580",3497,2009,0,NA,0
"682",3497,2010,0,NA,0
"768",3497,2011,0,NA,0
"860",3497,2012,0,NA,0
"952",3497,2013,0,NA,0
"1049",3497,2014,0,NA,0
"1189",3497,2015,0,NA,0
"1237",3497,2016,0,NA,0
"1325",3497,2017,0,NA,0
"1421",3497,2018,0,NA,0
"1519",3497,2019,0,NA,0
"1182",3491,2005,0,NA,0
"296",3491,2006,0,NA,0
"392",3491,2007,0,NA,0
"488",3491,2008,0,NA,0
"579",3491,2009,0,NA,0
"681",3491,2010,0,NA,0
"767",3491,2011,0,NA,0
"951",3491,2013,0,NA,0
"1048",3491,2014,0,NA,0
"1183",3491,2015,0,NA,0
"1180",3490,2005,0,NA,0
"295",3490,2006,0,NA,0
"391",3490,2007,0,NA,0
"487",3490,2008,0,NA,0
"680",3490,2010,0,NA,0
"859",3490,2012,0,NA,0
"950",3490,2013,0,NA,0
"1047",3490,2014,0,NA,0
"1181",3490,2015,0,NA,0
"1236",3490,2016,0,NA,0
"1324",3490,2017,0,NA,0
"1420",3490,2018,0,NA,0
"1178",3487,2004,0,NA,0
"486",3487,2007,0,NA,0
"578",3487,2008,0,NA,0
"1177",3462,2005,0,NA,0
"294",3462,2006,0,NA,0
"390",3462,2007,0,NA,0
"577",3462,2009,0,NA,0
"679",3462,2010,0,NA,0
"858",3462,2012,0,NA,0
"1046",3462,2014,0,NA,0
"1179",3462,2015,0,NA,0
"1323",3462,2017,0,NA,0
"1419",3462,2018,0,NA,0
"1518",3462,2019,0,NA,0
"1616",3462,2020,0,NA,0
"17",3462,2021,0,NA,0
"1175",3453,2005,0,NA,0
"293",3453,2006,0,NA,0
"389",3453,2007,0,NA,0
"485",3453,2008,0,NA,0
"576",3453,2009,0,NA,0
"766",3453,2011,0,NA,0
"857",3453,2012,0,NA,0
"949",3453,2013,0,NA,0
"1174",3451,2005,0,NA,0
"292",3451,2006,0,NA,0
"388",3451,2007,0,NA,0
"484",3451,2008,0,NA,0
"575",3451,2009,0,NA,0
"678",3451,2010,0,NA,0
"856",3451,2012,0,NA,0
"948",3451,2013,0,NA,0
"1045",3451,2014,0,NA,0
"1176",3451,2015,0,NA,0
"1235",3451,2016,0,NA,0
"1322",3451,2017,0,NA,0
"1418",3451,2018,0,NA,0
"1172",3449,2005,0,NA,0
"291",3449,2006,0,NA,0
"387",3449,2007,0,NA,0
"483",3449,2008,0,NA,0
"1171",3444,2005,0,NA,0
"290",3444,2006,0,NA,0
"386",3444,2007,0,NA,0
"482",3444,2008,0,NA,0
"677",3444,2010,0,NA,0
"1170",3094,2005,0,NA,0
"385",3094,2007,0,NA,0
"574",3094,2009,0,NA,0
"676",3094,2010,0,NA,0
"765",3094,2011,0,NA,0
"855",3094,2012,0,NA,0
"947",3094,2013,0,NA,0
"1044",3094,2014,0,NA,0
"1173",3094,2015,0,NA,0
"1234",3094,2016,0,NA,0
"1417",3094,2018,0,NA,0
"1517",3094,2019,0,NA,0
"289",3090,2006,0,NA,0
"384",3090,2007,0,NA,0
"481",3090,2008,0,NA,0
"1168",3085,2005,0,NA,0
"288",3085,2006,0,NA,0
"480",3085,2008,0,NA,0
"573",3085,2009,0,NA,0
"946",3085,2013,0,NA,0
"1043",3085,2014,0,NA,0
"1233",3085,2016,0,NA,0
"1321",3085,2017,0,NA,0
"1416",3085,2018,0,NA,0
"1167",3022,2005,0,NA,0
"287",3022,2006,0,NA,0
"383",3022,2007,0,NA,0
"572",3022,2009,0,NA,0
"764",3022,2011,0,NA,0
"854",3022,2012,0,NA,0
"945",3022,2013,0,NA,0
"1042",3022,2014,0,NA,0
"382",3003,2006,0,NA,0
"479",3003,2007,0,NA,0
"1166",3002,2004,0,NA,0
"286",3002,2005,0,NA,0
"381",3002,2006,0,NA,0
"571",3002,2008,0,NA,0
"763",3002,2010,0,NA,0
"853",3002,2011,0,NA,0
"944",3002,2012,0,NA,0
"1169",3002,2014,0,NA,0
"285",2987,2004,0,NA,0
"1164",2985,2004,0,NA,0
"380",2985,2006,0,NA,0
"570",2985,2008,0,NA,0
"675",2985,2009,0,NA,0
"762",2985,2010,0,NA,0
"1163",2978,2004,0,NA,0
"284",2978,2005,0,NA,0
"379",2978,2006,0,NA,0
"478",2978,2007,0,NA,0
"569",2978,2008,0,NA,0
"674",2978,2009,0,NA,0
"852",2978,2011,0,NA,0
"943",2978,2012,0,NA,0
"1041",2978,2013,0,NA,0
"1165",2978,2014,0,NA,0
"1161",2975,2004,0,NA,0
"378",2975,2006,0,NA,0
"1160",2968,2004,0,NA,0
"477",2968,2007,0,NA,0
"568",2968,2008,0,NA,0
"851",2968,2011,0,NA,0
"942",2968,2012,0,NA,0
"1040",2968,2013,0,NA,0
"1159",2963,2003,0,NA,0
"283",2963,2004,0,NA,0
"673",2963,2008,0,NA,0
"761",2963,2009,0,NA,0
"1158",2959,2004,0,NA,0
"282",2959,2005,0,NA,0
"476",2959,2007,0,NA,0
"567",2959,2008,0,NA,0
"672",2959,2009,0,NA,0
"760",2959,2010,0,NA,0
"1157",1895,2003,0,NA,0
"281",1895,2004,0,NA,0
"475",1895,2006,0,NA,0
"566",1895,2007,0,NA,0
"759",1895,2009,0,NA,0
"850",1895,2010,0,NA,0
"1156",1893,2003,0,NA,0
"280",1893,2004,0,NA,0
"474",1893,2002,0,NA,0
"565",1893,2006,0,NA,0
"377",1892,2005,0,NA,0
"473",1892,2002,0,NA,0
"1155",1891,2003,0,NA,0
"376",1891,2005,0,NA,0
"472",1891,2002,0,NA,0
"1154",1864,2003,0,NA,0
"279",1864,2004,0,NA,0
"375",1864,2005,0,NA,0
"471",1864,2006,0,NA,0
"564",1864,2007,0,NA,0
"671",1864,2008,0,NA,0
"849",1864,2010,0,NA,0
"941",1864,2011,0,NA,0
"1039",1864,2012,0,NA,0
"1162",1864,2013,0,NA,0
"1232",1864,2014,0,NA,0
"1152",1857,2003,0,NA,0
"278",1857,2004,0,NA,0
"374",1857,2005,0,NA,0
"563",1857,2007,0,NA,0
"670",1857,2008,0,NA,0
"758",1857,2009,0,NA,0
"848",1857,2010,0,NA,0
"940",1857,2011,0,NA,0
"1038",1857,2012,0,NA,0
"1153",1857,2013,0,NA,0
"1231",1857,2014,0,NA,0
"1150",1854,2003,0,NA,0
"1149",1851,2003,0,NA,0
"277",1851,2004,0,NA,0
"470",1851,2006,0,NA,0
"562",1851,2007,0,NA,0
"669",1851,2008,0,NA,0
"757",1851,2009,0,NA,0
"1148",1828,2003,0,NA,0
"276",1828,2004,0,NA,0
"469",1828,2006,0,NA,0
"1147",1827,2003,0,NA,0
"275",1827,2004,0,NA,0
"373",1827,2005,0,NA,0
"561",1827,2007,0,NA,0
"668",1827,2008,0,NA,0
"756",1827,2009,0,NA,0
"847",1827,2010,0,NA,0
"939",1827,2011,0,NA,0
"1037",1827,2012,0,NA,0
"1151",1827,2013,0,NA,0
"1230",1827,2014,0,NA,0
"1145",1826,2003,0,NA,0
"274",1826,2004,0,NA,0
"372",1826,2005,0,NA,0
"667",1826,2008,0,NA,0
"1036",1826,2012,0,NA,0
"1146",1826,2013,0,NA,0
"1320",1826,2015,0,NA,0
"1615",1826,2018,0,NA,0
"1712",1826,2019,0,NA,0
"18",1826,2020,0,NA,0
"19",1826,2021,0,NA,0
"1143",1824,2003,0,NA,0
"273",1824,2004,0,NA,0
"371",1824,2005,0,NA,0
"468",1824,2006,0,NA,0
"560",1824,2007,0,NA,0
"755",1824,2009,0,NA,0
"846",1824,2010,0,NA,0
"1035",1824,2012,0,NA,0
"1144",1824,2013,0,NA,0
"1229",1824,2014,0,NA,0
"1319",1824,2015,0,NA,0
"1141",1821,2003,0,NA,0
"272",1821,2004,0,NA,0
"559",1821,2007,0,NA,0
"666",1821,2008,0,NA,0
"754",1821,2009,0,NA,0
"845",1821,2010,0,NA,0
"938",1821,2011,0,NA,0
"1034",1821,2012,0,NA,0
"1142",1821,2013,0,NA,0
"1228",1821,2014,0,NA,0
"1318",1821,2015,0,NA,0
"1415",1821,2016,0,NA,0
"1516",1821,2017,0,NA,0
"1139",1805,2003,0,NA,0
"271",1805,2004,0,NA,0
"370",1805,2005,0,NA,0
"558",1805,2007,0,NA,0
"665",1805,2008,0,NA,0
"753",1805,2009,0,NA,0
"844",1805,2010,0,NA,0
"1138",1798,2003,0,NA,0
"270",1798,2004,0,NA,0
"369",1798,2005,0,NA,0
"557",1798,2007,0,NA,0
"664",1798,2008,0,NA,0
"752",1798,2009,0,NA,0
"843",1798,2010,0,NA,0
"1137",1791,2003,0,NA,0
"269",1791,2004,0,NA,0
"556",1791,2007,0,NA,0
"663",1791,2008,0,NA,0
"842",1791,2010,0,NA,0
"937",1791,2011,0,NA,0
"1033",1791,2012,0,NA,0
"1140",1791,2013,0,NA,0
"1227",1791,2016,0,NA,0
"1135",1790,2003,0,NA,0
"268",1790,2004,0,NA,0
"467",1790,2006,0,NA,0
"1134",1779,2003,0,NA,0
"267",1779,2004,0,NA,0
"368",1779,2005,0,NA,0
"555",1779,2007,0,NA,0
"662",1779,2008,0,NA,0
"1133",1778,2003,0,NA,0
"266",1778,2004,0,NA,0
"367",1778,2005,0,NA,0
"554",1778,2007,0,NA,0
"1132",1776,2003,0,NA,0
"265",1776,2004,0,NA,0
"366",1776,2005,0,NA,0
"466",1776,2006,0,NA,0
"661",1776,2008,0,NA,0
"264",1765,2004,0,NA,0
"365",1765,2005,0,NA,0
"465",1765,2006,0,NA,0
"660",1765,2008,0,NA,0
"841",1765,2010,0,NA,0
"936",1765,2011,0,NA,0
"1032",1765,2012,0,NA,0
"1136",1765,2013,0,NA,0
"1226",1765,2016,0,NA,0
"1131",1764,2003,0,NA,0
"263",1764,2004,0,NA,0
"364",1763,2005,0,NA,0
"553",1763,2007,0,NA,0
"659",1763,2008,0,NA,0
"751",1763,2009,0,NA,0
"935",1763,2011,0,NA,0
"1031",1763,2012,0,NA,0
"1130",1763,2013,0,NA,0
"1225",1763,2014,0,NA,0
"363",1760,2005,0,NA,0
"464",1760,2002,0,NA,0
"552",1760,2006,0,NA,0
"262",1753,2004,0,NA,0
"362",1753,2005,0,NA,0
"463",1753,2002,0,NA,0
"658",1753,2007,0,NA,0
"750",1753,2008,0,NA,0
"934",1753,2010,0,NA,0
"1030",1753,2011,0,NA,0
"1109",1740,2003,0,NA,0
"462",1740,2002,0,NA,0
"551",1740,2006,0,NA,0
"657",1740,2007,0,NA,0
"840",1740,2009,0,NA,0
"1108",1725,2003,0,NA,0
"261",1725,2004,0,NA,0
"461",1725,2002,0,NA,0
"1107",1716,2003,0,NA,0
"260",1716,2004,0,NA,0
"460",1716,2002,0,NA,0
"749",1716,2008,0,NA,0
"839",1716,2009,0,NA,0
"1029",1716,2011,0,NA,0
"1129",1716,2012,0,NA,0
"1224",1716,2013,0,NA,0
"1414",1716,2015,0,NA,0
"1515",1716,2016,0,NA,0
"1614",1716,2017,0,NA,0
"1106",1705,2003,0,NA,0
"459",1705,2002,0,NA,0
"1105",1697,2003,0,NA,0
"259",1697,2004,0,NA,0
"458",1697,2002,0,NA,0
"656",1697,2007,0,NA,0
"1104",1678,2003,0,NA,0
"258",1678,2004,0,NA,0
"457",1678,2002,0,NA,0
"550",1678,2006,0,NA,0
"748",1678,2008,0,NA,0
"838",1678,2009,0,NA,0
"933",1678,2010,0,NA,0
"1028",1678,2011,0,NA,0
"1128",1678,2012,0,NA,0
"1317",1678,2014,0,NA,0
"1103",1669,2003,0,NA,0
"257",1669,2004,0,NA,0
"361",1669,2005,0,NA,0
"456",1669,2002,0,NA,0
"655",1669,2007,0,NA,0
"747",1669,2008,0,NA,0
"932",1669,2010,0,NA,0
"1027",1669,2011,0,NA,0
"1127",1669,2012,0,NA,0
"1223",1669,2013,0,NA,0
"1316",1669,2014,0,NA,0
"1413",1669,2015,0,NA,0
"1102",1665,2003,0,NA,0
"360",1665,2005,0,NA,0
"455",1665,2002,0,NA,0
"1101",1614,2003,0,NA,0
"256",1614,2004,0,NA,0
"454",1614,2001,0,NA,0
"549",1614,2002,0,NA,0
"654",1614,2006,0,NA,0
"746",1614,2007,0,NA,0
"837",1614,2008,0,NA,0
"1100",1612,2003,0,NA,0
"255",1612,2001,0,NA,0
"359",1612,2002,0,NA,0
"199",1605,2003,0,NA,0
"254",1605,2004,0,NA,0
"453",1605,2001,0,NA,0
"745",1605,2007,0,NA,0
"931",1605,2009,0,NA,0
"1126",1605,2011,0,NA,0
"1222",1605,2012,0,NA,0
"1315",1605,2013,0,NA,0
"1412",1605,2014,0,NA,0
"1514",1605,2015,0,NA,0
"198",1597,2003,0,NA,0
"358",1597,2005,0,NA,0
"452",1597,2000,0,NA,0
"548",1597,2001,0,NA,0
"653",1597,2002,0,NA,0
"357",1589,2005,0,NA,0
"451",1589,2000,0,NA,0
"547",1589,2001,0,NA,0
"652",1589,2002,0,NA,0
"744",1589,2006,0,NA,0
"836",1589,2007,0,NA,0
"930",1589,2008,0,NA,0
"253",1588,2004,0,NA,0
"356",1588,2005,0,NA,0
"450",1588,2000,0,NA,0
"546",1588,2001,0,NA,0
"197",1580,2003,0,NA,0
"252",1580,2004,0,NA,0
"449",1580,2000,0,NA,0
"545",1580,2001,0,NA,0
"743",1580,2006,0,NA,0
"929",1580,2008,0,NA,0
"1026",1580,2009,0,NA,0
"1314",1580,2012,0,NA,0
"1513",1580,2014,0,NA,0
"1613",1580,2015,0,NA,0
"1711",1580,2016,0,NA,0
"1811",1580,2017,0,NA,0
"196",1576,2003,0,NA,0
"251",1576,2004,0,NA,0
"448",1576,2000,0,NA,0
"544",1576,2001,0,NA,0
"651",1576,2002,0,NA,0
"742",1576,2006,0,NA,0
"835",1576,2007,0,NA,0
"928",1576,2008,0,NA,0
"1025",1576,2009,0,NA,0
"1125",1576,2010,0,NA,0
"195",1563,1999,0,NA,0
"250",1563,2003,0,NA,0
"447",1563,2005,0,NA,0
"543",1563,2000,0,NA,0
"650",1563,2001,0,NA,0
"834",1563,2006,0,NA,0
"927",1563,2007,0,NA,0
"1024",1563,2008,0,NA,0
"1124",1563,2009,0,NA,0
"194",1559,1999,0,NA,0
"355",1559,2004,0,NA,0
"542",1559,2000,0,NA,0
"649",1559,2001,0,NA,0
"741",1559,2002,0,NA,0
"926",1559,2007,0,NA,0
"1023",1559,2008,0,NA,0
"1123",1559,2009,0,NA,0
"193",1558,1999,0,NA,0
"249",1558,2003,0,NA,0
"354",1558,2004,0,NA,0
"446",1558,2005,0,NA,0
"541",1558,2000,0,NA,0
"648",1558,2001,0,NA,0
"740",1558,2002,0,NA,0
"833",1558,2006,0,NA,0
"925",1558,2007,0,NA,0
"1122",1558,2009,0,NA,0
"192",1550,1999,0,NA,0
"353",1550,2004,0,NA,0
"445",1550,2005,0,NA,0
"540",1550,2000,0,NA,0
"647",1550,2001,0,NA,0
"739",1550,2002,0,NA,0
"190",1541,1999,0,NA,0
"248",1541,2003,0,NA,0
"352",1541,2004,0,NA,0
"444",1541,2005,0,NA,0
"539",1541,2000,0,NA,0
"646",1541,2001,0,NA,0
"189",1536,1999,0,NA,0
"351",1536,2004,0,NA,0
"538",1536,2000,0,NA,0
"645",1536,2001,0,NA,0
"738",1536,2002,0,NA,0
"1022",1536,2008,0,NA,0
"188",1532,1999,0,NA,0
"247",1532,2003,0,NA,0
"537",1532,2000,0,NA,0
"644",1532,2001,0,NA,0
"737",1532,2002,0,NA,0
"832",1532,2006,0,NA,0
"924",1532,2007,0,NA,0
"1021",1532,2008,0,NA,0
"1121",1532,2009,0,NA,0
"1221",1532,2010,0,NA,0
"246",1517,2000,0,NA,0
"350",1517,2001,0,NA,0
"187",1510,1999,0,NA,0
"245",1510,2003,0,NA,0
"349",1510,2004,0,NA,0
"443",1510,2005,0,NA,0
"536",1510,2000,0,NA,0
"643",1510,2001,0,NA,0
"831",1510,2006,0,NA,0
"923",1510,2007,0,NA,0
"1020",1510,2008,0,NA,0
"1120",1510,2009,0,NA,0
"186",1508,1999,0,NA,0
"348",1508,2004,0,NA,0
"442",1508,2005,0,NA,0
"535",1508,2000,0,NA,0
"736",1508,2002,0,NA,0
"185",1506,1999,0,NA,0
"347",1506,2004,0,NA,0
"534",1506,2000,0,NA,0
"642",1506,2001,0,NA,0
"830",1506,2006,0,NA,0
"922",1506,2007,0,NA,0
"184",1503,1999,0,NA,0
"346",1503,2004,0,NA,0
"533",1503,2000,0,NA,0
"735",1503,2002,0,NA,0
"921",1503,2007,0,NA,0
"1019",1503,2008,0,NA,0
"183",1501,1999,0,NA,0
"345",1501,2004,0,NA,0
"641",1501,2001,0,NA,0
"734",1501,2002,0,NA,0
"829",1501,2006,0,NA,0
"920",1501,2007,0,NA,0
"1018",1501,2008,0,NA,0
"1119",1501,2009,0,NA,0
"182",1491,1999,0,NA,0
"344",1491,2004,0,NA,0
"532",1491,2000,0,NA,0
"640",1491,2001,0,NA,0
"733",1491,2002,0,NA,0
"1017",1491,2008,0,NA,0
"1220",1491,2010,0,NA,0
"180",1490,1999,0,NA,0
"244",1490,2003,0,NA,0
"343",1490,2004,0,NA,0
"441",1490,2005,0,NA,0
"531",1490,2000,0,NA,0
"732",1490,2002,0,NA,0
"828",1490,2006,0,NA,0
"179",1438,1999,0,NA,0
"243",1438,2003,0,NA,0
"342",1438,2004,0,NA,0
"530",1438,2000,0,NA,0
"639",1438,2001,0,NA,0
"731",1438,2002,0,NA,0
"827",1438,2006,0,NA,0
"1016",1438,2008,0,NA,0
"1219",1438,2010,0,NA,0
"1411",1438,2012,0,NA,0
"1512",1438,2013,0,NA,0
"1612",1438,2014,0,NA,0
"1710",1438,2015,0,NA,0
"177",1437,1999,0,NA,0
"341",1437,2004,0,NA,0
"529",1437,2000,0,NA,0
"638",1437,2001,0,NA,0
"730",1437,2002,0,NA,0
"919",1437,2007,0,NA,0
"1015",1437,2008,0,NA,0
"176",1429,1999,0,NA,0
"242",1429,2003,0,NA,0
"340",1429,2004,0,NA,0
"440",1429,2005,0,NA,0
"528",1429,2000,0,NA,0
"637",1429,2001,0,NA,0
"729",1429,2002,0,NA,0
"175",1419,1999,0,NA,0
"339",1419,2004,0,NA,0
"439",1419,2005,0,NA,0
"527",1419,2000,0,NA,0
"636",1419,2001,0,NA,0
"728",1419,2002,0,NA,0
"826",1419,2006,0,NA,0
"1014",1419,2008,0,NA,0
"174",1415,1998,0,NA,0
"241",1415,1999,0,NA,0
"338",1415,2003,0,NA,0
"635",1415,2000,0,NA,0
"727",1415,2001,0,NA,0
"825",1415,2002,0,NA,0
"1013",1415,2007,0,NA,0
"1118",1415,2008,0,NA,0
"1218",1415,2009,0,NA,0
"1313",1415,2010,0,NA,0
"1511",1415,2012,0,NA,0
"1611",1415,2013,0,NA,0
"173",1409,1998,0,NA,0
"240",1409,1999,0,NA,0
"337",1409,2003,0,NA,0
"438",1409,2004,0,NA,0
"526",1409,2005,0,NA,0
"634",1409,2000,0,NA,0
"824",1409,2002,0,NA,0
"918",1409,2006,0,NA,0
"172",1403,1998,0,NA,0
"336",1403,2003,0,NA,0
"437",1403,2004,0,NA,0
"633",1403,2000,0,NA,0
"917",1403,2006,0,NA,0
"170",1401,1998,0,NA,0
"335",1401,2003,0,NA,0
"436",1401,2004,0,NA,0
"632",1401,2000,0,NA,0
"726",1401,2001,0,NA,0
"823",1401,2002,0,NA,0
"916",1401,2006,0,NA,0
"1117",1401,2008,0,NA,0
"1217",1401,2009,0,NA,0
"1312",1401,2010,0,NA,0
"169",1388,1998,0,NA,0
"239",1388,1999,0,NA,0
"334",1388,2003,0,NA,0
"435",1388,2004,0,NA,0
"631",1388,2000,0,NA,0
"725",1388,2001,0,NA,0
"822",1388,2002,0,NA,0
"168",1387,1998,0,NA,0
"238",1387,1999,0,NA,0
"333",1387,2000,0,NA,0
"434",1387,2001,0,NA,0
"167",1384,1998,0,NA,0
"237",1384,1999,0,NA,0
"332",1384,2003,0,NA,0
"433",1384,2004,0,NA,0
"525",1384,2005,0,NA,0
"630",1384,2000,0,NA,0
"724",1384,2001,0,NA,0
"915",1384,2006,0,NA,0
"1012",1384,2007,0,NA,0
"1116",1384,2008,0,NA,0
"1216",1384,2009,0,NA,0
"166",1382,1998,0,NA,0
"236",1382,1999,0,NA,0
"432",1382,2001,0,NA,0
"165",1380,1998,0,NA,0
"235",1380,1999,0,NA,0
"331",1380,2003,0,NA,0
"431",1380,2000,0,NA,0
"629",1380,2002,0,NA,0
"164",1369,1998,0,NA,0
"330",1369,2003,0,NA,0
"430",1369,2004,0,NA,0
"524",1369,2005,0,NA,0
"628",1369,2000,0,NA,0
"723",1369,2001,0,NA,0
"821",1369,2002,0,NA,0
"163",1362,1998,0,NA,0
"234",1362,1999,0,NA,0
"329",1362,2003,0,NA,0
"429",1362,2000,0,NA,0
"523",1362,2001,0,NA,0
"627",1362,2002,0,NA,0
"160",1361,1998,0,NA,0
"233",1361,1999,0,NA,0
"328",1361,2003,0,NA,0
"428",1361,2004,0,NA,0
"522",1361,2005,0,NA,0
"626",1361,2000,0,NA,0
"722",1361,2001,0,NA,0
"820",1361,2002,0,NA,0
"1215",1361,2009,0,NA,0
"159",1345,1998,0,NA,0
"327",1345,2000,0,NA,0
"158",1305,1998,0,NA,0
"232",1305,1999,0,NA,0
"326",1305,2003,0,NA,0
"427",1305,2004,0,NA,0
"521",1305,2005,0,NA,0
"625",1305,2000,0,NA,0
"721",1305,2001,0,NA,0
"819",1305,2002,0,NA,0
"1011",1305,2007,0,NA,0
"1115",1305,2008,0,NA,0
"1214",1305,2009,0,NA,0
"157",1271,1998,0,NA,0
"426",1271,2004,0,NA,0
"520",1271,2005,0,NA,0
"624",1271,2000,0,NA,0
"720",1271,2001,0,NA,0
"156",1222,1998,0,NA,0
"231",1222,1999,0,NA,0
"425",1222,2004,0,NA,0
"623",1222,2001,0,NA,0
"719",1222,2002,0,NA,0
"155",1200,1997,0,NA,0
"230",1200,1998,0,NA,0
"424",1200,2003,0,NA,0
"519",1200,2004,0,NA,0
"718",1200,2000,0,NA,0
"818",1200,2001,0,NA,0
"914",1200,2002,0,NA,0
"1010",1200,2006,0,NA,0
"154",1193,1997,0,NA,0
"229",1193,1998,0,NA,0
"325",1193,1999,0,NA,0
"622",1193,2005,0,NA,0
"717",1193,2000,0,NA,0
"817",1193,2001,0,NA,0
"109",1193,2006,0,NA,0
"1114",1193,2007,0,NA,0
"150",1190,1997,0,NA,0
"228",1190,1998,0,NA,0
"324",1190,1999,0,NA,0
"423",1190,2003,0,NA,0
"518",1190,2004,0,NA,0
"621",1190,2005,0,NA,0
"716",1190,2000,0,NA,0
"913",1190,2002,0,NA,0
"149",1186,1997,0,NA,0
"517",1186,2001,0,NA,0
"620",1186,2002,0,NA,0
"148",1173,1997,0,NA,0
"422",1173,2000,0,NA,0
"516",1173,2001,0,NA,0
"147",1172,1997,0,NA,0
"227",1172,1998,0,NA,0
"323",1172,1999,0,NA,0
"421",1172,2003,0,NA,0
"515",1172,2004,0,NA,0
"619",1172,2005,0,NA,0
"715",1172,2000,0,NA,0
"816",1172,2001,0,NA,0
"1113",1172,2007,0,NA,0
"1213",1172,2008,0,NA,0
"1311",1172,2009,0,NA,0
"1410",1172,2010,0,NA,0
"145",1170,1997,0,NA,0
"226",1170,1998,0,NA,0
"322",1170,1999,0,NA,0
"514",1170,2004,0,NA,0
"714",1170,2000,0,NA,0
"815",1170,2001,0,NA,0
"912",1170,2002,0,NA,0
"1112",1170,2007,0,NA,0
"1212",1170,2008,0,NA,0
"140",1152,1997,0,NA,0
"225",1152,1998,0,NA,0
"321",1152,1999,0,NA,0
"420",1152,2000,0,NA,0
"513",1152,2001,0,NA,0
"139",1059,1996,0,NA,0
"224",1059,1997,0,NA,0
"320",1059,1998,0,NA,0
"419",1059,1999,0,NA,0
"512",1059,2003,0,NA,0
"618",1059,2000,0,NA,0
"814",1059,2002,0,NA,0
"138",1049,1996,0,NA,0
"223",1049,1997,0,NA,0
"319",1049,1998,0,NA,0
"511",1049,2003,0,NA,0
"617",1049,2000,0,NA,0
"713",1049,2001,0,NA,0
"813",1049,2002,0,NA,0
"222",1043,1997,0,NA,0
"318",1043,1998,0,NA,0
"418",1043,1999,0,NA,0
"616",1043,2004,0,NA,0
"812",1043,2000,0,NA,0
"1211",1043,2007,0,NA,0
"1310",1043,2008,0,NA,0
"146",1043,2009,0,NA,0
"1510",1043,2010,0,NA,0
"137",1042,1996,0,NA,0
"220",1042,1997,0,NA,0
"317",1042,1998,0,NA,0
"417",1042,1999,0,NA,0
"510",1042,2003,0,NA,0
"615",1042,2004,0,NA,0
"811",1042,2000,0,NA,0
"911",1042,2001,0,NA,0
"108",1042,2002,0,NA,0
"136",1042,2008,0,NA,0
"153",1042,2010,0,NA,0
"1610",1042,2011,0,NA,0
"178",1042,2012,0,NA,0
"1810",1042,2013,0,NA,0
"1910",1042,2014,0,NA,0
"20",1042,2015,0,NA,0
"21",1042,2016,0,NA,0
"22",1042,2017,0,NA,0
"130",1024,1996,0,NA,0
"218",1024,1997,0,NA,0
"316",1024,1998,0,NA,0
"614",1024,2004,0,NA,0
"810",1024,2000,0,NA,0
"910",1024,2001,0,NA,0
"107",1024,2002,0,NA,0
"1210",1024,2007,0,NA,0
"135",1024,2008,0,NA,0
"128",951,1996,0,NA,0
"217",951,1997,0,NA,0
"315",951,1998,0,NA,0
"416",951,1999,0,NA,0
"59",951,2000,0,NA,0
"613",951,2001,0,NA,0
"127",949,1995,0,NA,0
"216",949,1996,0,NA,0
"314",949,1997,0,NA,0
"415",949,1998,0,NA,0
"612",949,2003,0,NA,0
"712",949,2004,0,NA,0
"89",949,2005,0,NA,0
"106",949,2001,0,NA,0
"126",938,1995,0,NA,0
"313",938,1997,0,NA,0
"414",938,1998,0,NA,0
"58",938,1999,0,NA,0
"611",938,2000,0,NA,0
"711",938,2001,0,NA,0
"125",932,1995,0,NA,0
"215",932,1996,0,NA,0
"312",932,1997,0,NA,0
"413",932,1998,0,NA,0
"610",932,2003,0,NA,0
"710",932,2000,0,NA,0
"88",932,2001,0,NA,0
"99",932,2002,0,NA,0
"124",919,1995,0,NA,0
"214",919,1996,0,NA,0
"311",919,1997,0,NA,0
"412",919,1998,0,NA,0
"57",919,1999,0,NA,0
"79",919,2004,0,NA,0
"98",919,2000,0,NA,0
"105",919,2001,0,NA,0
"1111",919,2002,0,NA,0
"123",915,1995,0,NA,0
"213",915,1996,0,NA,0
"411",915,1998,0,NA,0
"69",915,2003,0,NA,0
"78",915,2000,0,NA,0
"87",915,2001,0,NA,0
"97",915,2002,0,NA,0
"120",912,1995,0,NA,0
"212",912,1996,0,NA,0
"310",912,1997,0,NA,0
"410",912,1998,0,NA,0
"77",912,2004,0,NA,0
"86",912,2005,0,NA,0
"96",912,2000,0,NA,0
"1110",912,2002,0,NA,0
"129",912,2006,0,NA,0
"134",912,2007,0,NA,0
"144",912,2008,0,NA,0
"118",880,1995,0,NA,0
"211",880,1996,0,NA,0
"49",880,1998,0,NA,0
"117",869,1995,0,NA,0
"210",869,1996,0,NA,0
"39",869,1997,0,NA,0
"48",869,1998,0,NA,0
"56",869,1999,0,NA,0
"68",869,2003,0,NA,0
"85",869,2005,0,NA,0
"95",869,2000,0,NA,0
"104",869,2001,0,NA,0
"119",869,2002,0,NA,0
"133",869,2007,0,NA,0
"143",869,2008,0,NA,0
"152",869,2009,0,NA,0
"162",869,2010,0,NA,0
"115",848,1995,0,NA,0
"29",848,1996,0,NA,0
"38",848,1997,0,NA,0
"47",848,1998,0,NA,0
"67",848,2000,0,NA,0
"28",840,1996,0,NA,0
"37",840,1997,0,NA,0
"66",840,2000,0,NA,0
"76",840,2001,0,NA,0
"84",840,2002,0,NA,0
"27",671,1995,0,NA,0
"114",639,1994,0,NA,0
"26",639,1995,0,NA,0
"36",639,1996,0,NA,0
"46",639,1997,0,NA,0
"65",639,1999,0,NA,0
"75",639,2000,0,NA,0
"83",639,2001,0,NA,0
"94",639,2002,0,NA,0
"113",608,1994,0,NA,0
"25",608,1995,0,NA,0
"55",608,1998,0,NA,0
"112",596,1994,0,NA,0
"24",596,1995,0,NA,0
"35",596,1996,0,NA,0
"45",596,1997,0,NA,0
"54",596,1998,0,NA,0
"74",596,2000,0,NA,0
"110",563,1994,0,NA,0
"23",563,1995,0,NA,0
"44",563,1997,0,NA,0
"53",563,1998,0,NA,0
"64",563,1999,0,NA,0
"73",563,2003,0,NA,0
"82",563,2004,0,NA,0
"93",563,2005,0,NA,0
"103",563,2000,0,NA,0
"116",563,2001,0,NA,0
"122",563,2002,0,NA,0
"132",563,2006,0,NA,0
"142",563,2007,0,NA,0
"191",528,1994,0,NA,0
"221",528,1995,0,NA,0
"34",528,1996,0,NA,0
"52",528,1998,0,NA,0
"181",502,1994,0,NA,0
"33",502,1996,0,NA,0
"43",502,1997,0,NA,0
"63",502,1999,0,NA,0
"72",502,2000,0,NA,0
"171",459,1993,0,NA,0
"219",459,1994,0,NA,0
"32",459,1995,0,NA,0
"42",459,1996,0,NA,0
"62",459,1998,0,NA,0
"92",459,2004,0,NA,0
"102",459,2005,0,NA,0
"111",459,2000,0,NA,0
"121",459,2001,0,NA,0
"131",459,2002,0,NA,0
"141",459,2006,0,NA,0
"151",459,2007,0,NA,0
"161",444,1993,0,NA,0
"31",444,1995,0,NA,0
"41",444,1996,0,NA,0
"51",444,1997,0,NA,0
"61",444,1998,0,NA,0
"71",444,1999,0,NA,0
"81",444,2000,0,NA,0
"91",444,2001,0,NA,0
"101",444,2002,0,NA,0
"1438",444,1994,1,NA,0
"2226",459,1997,1,NA,0
"3203",459,1999,2,NA,0
"5159",459,2003,1,NA,0
"6169",502,1995,1,NA,0
"7153",502,1998,1,NA,0
"8135",528,1997,1,311,0
"9104",563,1996,1,NA,0
"1086",596,1999,1,473,0
"11124",608,1996,1,NA,0
"12105",608,1997,1,235,0
"13100",639,1998,1,NA,0
"1439",671,1994,1,NA,0
"1524",840,1995,1,NA,0
"1617",840,1998,1,171,0
"1713",840,1999,1,387,0
"1812",848,1999,1,NA,0
"1911",869,2004,1,NA,0
"2010",869,2006,1,1491,0
"21100",880,1997,1,260,0
"2227",880,1999,1,482,0
"2310",912,1999,2,363,0
"2510",912,2001,1,5431,0
"2610",912,2003,1,685,0
"2710",915,1997,2,123,0
"2810",915,1997,2,124,0
"2910",915,1999,1,578,0
"30",919,2003,1,NA,0
"31100",919,2005,1,NA,0
"3210",932,1999,1,NA,0
"3310",938,1996,1,NA,0
"3410",949,1999,1,455,0
"3510",949,2000,1,NA,0
"3610",949,2002,1,635,0
"3710",951,2002,1,NA,0
"3810",1024,1999,2,NA,0
"40",1024,2003,1,851,0
"4198",1024,2005,1,NA,0
"4210",1024,2006,1,NA,0
"4310",1042,2005,3,1092,0
"4410",1042,2005,3,NA,0
"4610",1042,2006,1,1485,0
"4710",1042,2007,1,NA,0
"4810",1042,2009,1,NA,0
"4910",1043,1996,1,NA,0
"50",1043,2001,1,NA,0
"5160",1043,2002,1,600,0
"5210",1043,2003,1,NA,0
"5310",1043,2005,1,NA,0
"5410",1043,2006,1,1414,0
"5510",1049,1999,1,557,0
"5610",1059,2001,1,NA,0
"5710",1152,2002,1,NA,0
"5810",1170,2003,1,NA,0
"5910",1170,2005,1,1141,0
"60",1170,2006,1,1527,0
"6170",1172,2002,2,NA,0
"6310",1172,2006,1,NA,0
"6410",1173,1998,1,269,0
"6510",1173,1999,1,489,0
"6610",1186,1998,1,255,0
"6710",1186,1999,1,NA,0
"6810",1186,2000,1,NA,0
"6910",1190,2001,1,NA,0
"70",1193,2002,1,NA,0
"7154",1193,2003,1,747,0
"7210",1193,2004,1,NA,0
"7310",1200,1999,1,464,0
"7410",1200,2005,1,1074,0
"7510",1222,2000,1,NA,0
"7610",1222,2003,1,NA,0
"7710",1271,1997,1,158,0
"7810",1271,1999,1,379,0
"7910",1271,2002,1,NA,0
"80",1271,2003,1,700,0
"8136",1305,2006,1,NA,0
"8210",1345,1999,1,390,0
"8310",1361,2006,1,NA,0
"8410",1361,2007,1,NA,0
"8510",1361,2008,1,NA,0
"8610",1361,2010,1,NA,0
"8710",1362,2004,1,NA,0
"8810",1369,1999,1,NA,0
"8910",1380,2001,1,NA,0
"90",1382,2000,2,NA,0
"9210",1384,2002,1,NA,0
"9310",1387,2002,1,NA,0
"9410",1388,2005,1,NA,0
"9510",1401,1999,1,566,0
"9610",1401,2005,1,1165,0
"9710",1401,2007,1,NA,0
"9810",1403,1999,1,591,0
"9910",1403,2002,1,NA,0
"100",1403,2001,1,NA,0
"10110",1403,2005,2,NA,0
"10310",1409,2001,1,NA,0
"10410",1415,2004,1,NA,0
"10510",1415,2005,1,NA,0
"10610",1415,2006,2,NA,0
"1087",1415,2011,1,NA,0
"1091",1419,2003,1,714,0
"11010",1419,2007,1,NA,0
"11125",1429,2006,1,NA,0
"11210",1437,2003,1,NA,0
"11310",1437,2005,2,NA,0
"11510",1437,2006,1,NA,0
"11610",1438,2005,1,1144,0
"11710",1438,2007,1,NA,0
"11810",1438,2009,1,NA,0
"11910",1438,2011,1,NA,0
"12010",1490,2001,1,NA,0
"12110",1491,2003,1,NA,0
"12210",1491,2005,1,1125,0
"12310",1491,2006,2,NA,0
"12510",1491,2007,1,NA,0
"12610",1491,2009,1,NA,0
"12710",1501,2000,1,NA,0
"12810",1501,2003,1,725,0
"12910",1501,2005,1,NA,0
"13010",1503,2001,1,NA,0
"13110",1503,2003,1,726,0
"13210",1503,2005,1,1047,0
"13310",1503,2006,1,1440,0
"13410",1506,2002,1,NA,0
"13510",1506,2003,1,719,0
"13610",1506,2005,1,NA,0
"13710",1508,2001,1,NA,0
"13810",1508,2003,1,795,0
"13910",1510,2002,1,NA,0
"14010",1517,1999,1,373,0
"14110",1532,2004,1,NA,0
"14210",1532,2005,1,1062,0
"14310",1536,2003,1,729,0
"1441",1536,2005,2,NA,0
"1451",1536,2005,2,1051,0
"1461",1536,2006,1,NA,0
"1471",1536,2007,1,NA,0
"1481",1541,2002,1,NA,0
"1491",1550,2003,1,722,0
"1501",1558,2008,1,NA,0
"15110",1559,2003,1,787,0
"1525",1559,2005,2,NA,0
"1531",1559,2005,2,1038,0
"1541",1559,2006,1,NA,0
"1551",1563,2002,1,NA,0
"1561",1563,2004,1,NA,0
"1571",1576,2005,1,NA,0
"1581",1580,2002,1,NA,0
"1591",1580,2005,1,NA,0
"1601",1580,2007,1,1773,0
"1618",1580,2010,1,NA,0
"1621",1580,2011,1,NA,0
"1631",1580,2013,1,NA,0
"1641",1588,2002,1,675,0
"1651",1588,2003,1,855,0
"1661",1589,2003,1,NA,0
"1671",1589,2004,1,906,0
"1681",1597,2004,1,NA,0
"1691",1605,2002,1,NA,0
"1701",1605,2005,1,NA,0
"1714",1605,2006,1,NA,0
"1721",1605,2008,1,NA,0
"1731",1605,2010,2,NA,0
"1751",1612,2004,1,NA,0
"1761",1614,2005,1,NA,0
"1771",1665,2004,1,NA,0
"1781",1669,2006,1,NA,0
"1791",1669,2009,1,NA,0
"1801",1678,2005,1,NA,0
"1813",1678,2007,2,NA,0
"1831",1678,2013,1,NA,0
"1841",1697,2005,1,NA,0
"1851",1697,2006,1,1520,0
"1861",1705,2004,1,905,0
"1871",1705,2005,2,NA,0
"1881",1705,2005,2,1010,0
"1891",1716,2005,1,NA,0
"1901",1716,2006,1,NA,0
"1912",1716,2007,1,NA,0
"1921",1716,2010,1,NA,0
"1931",1716,2014,1,NA,0
"1941",1725,2005,1,1012,0
"1951",1740,2004,1,NA,0
"1961",1740,2005,1,1060,0
"1971",1740,2008,1,NA,0
"1981",1753,2003,1,710,0
"1991",1753,2006,1,NA,0
"200",1753,2009,1,NA,0
"201",1760,2003,1,NA,0
"202",1760,2004,1,NA,0
"203",1763,2003,1,720,0
"204",1763,2004,1,NA,0
"205",1763,2006,1,NA,0
"206",1763,2010,1,NA,0
"207",1764,2005,1,NA,0
"208",1765,2003,1,NA,0
"209",1765,2007,1,NA,0
"21010",1765,2009,1,NA,0
"21110",1771,2002,1,NA,0
"21210",1771,2003,1,740,0
"21310",1776,2007,2,1751,0
"21510",1778,2006,1,NA,0
"21610",1779,2006,1,1514,0
"21710",1790,2005,2,NA,0
"21910",1790,2007,1,NA,0
"22010",1790,2008,1,NA,0
"22110",1791,2005,1,NA,0
"2228",1791,2006,1,NA,0
"2231",1791,2009,1,NA,0
"2241",1798,2006,1,NA,0
"2251",1805,2006,1,NA,0
"2261",1821,2005,1,NA,0
"2271",1821,2006,1,1470,0
"2281",1824,2008,1,NA,0
"2291",1824,2011,1,NA,0
"2301",1826,2006,1,1518,0
"2311",1826,2007,1,1688,0
"2321",1826,2009,1,NA,0
"2331",1826,2010,2,NA,0
"2351",1826,2011,1,NA,0
"2361",1826,2014,1,NA,0
"2371",1826,2016,1,NA,0
"2381",1826,2017,1,NA,0
"2391",1827,2006,1,1480,0
"2401",1828,2005,1,NA,0
"2411",1851,2005,1,NA,0
"2421",1854,2004,1,NA,0
"2431",1854,2005,1,1065,0
"2441",1854,2006,1,1458,0
"2451",1854,2007,1,1718,0
"2461",1854,2009,1,NA,0
"2471",1854,2008,1,NA,0
"2481",1857,2006,1,1439,0
"2491",1864,2009,1,NA,0
"2501",1891,2004,1,996,0
"2511",1892,2003,2,796,0
"2521",1892,2003,2,NA,0
"2531",1892,2004,1,NA,0
"2541",1893,2005,1,1141,0
"2551",1895,2005,1,NA,0
"2561",1895,2008,1,NA,0
"2571",2959,2006,1,NA,0
"2581",2963,2005,2,1126,0
"2601",2963,2006,1,1513,0
"2611",2963,2007,1,NA,0
"2621",2963,2010,1,NA,0
"2631",2968,2005,1,NA,0
"2641",2968,2006,2,NA,0
"2661",2968,2009,1,NA,0
"2671",2968,2010,1,NA,0
"2681",2975,2005,1,1048,0
"2691",2978,2010,1,NA,0
"2701",2985,2005,1,NA,0
"2711",2985,2007,1,1721,0
"2721",2987,2003,1,756,0
"2731",2987,2005,2,NA,0
"2751",3002,2007,1,1795,0
"2761",3002,2009,2,NA,0
"2781",3002,2013,1,NA,0
"2791",3003,2005,1,1033,0
"2801",3003,2004,1,NA,0
"2811",3022,2004,1,912,0
"2821",3022,2008,1,NA,0
"2831",3022,2010,2,NA,0
"2851",3085,2007,1,1699,0
"2861",3085,2010,1,NA,0
"2871",3085,2011,1,NA,0
"2881",3085,2012,1,NA,0
"2891",3085,2015,1,NA,0
"2901",3090,2005,1,1150,0
"2911",3094,2006,1,NA,0
"2921",3094,2008,1,NA,0
"2931",3094,2017,1,NA,0
"2941",3444,2009,1,NA,0
"2951",3449,2009,1,NA,0
"2961",3451,2011,1,NA,0
"2971",3453,2010,1,NA,0
"2981",3462,2008,1,NA,0
"2991",3462,2011,1,NA,0
"300",3462,2013,1,NA,0
"301",3462,2016,1,NA,0
"302",3487,2005,1,NA,0
"303",3487,2006,1,NA,0
"304",3490,2009,1,NA,0
"305",3490,2011,2,NA,0
"307",3491,2012,1,NA,0
"308",3497,2007,1,1710,0
"309",3500,2006,1,NA,0
"31010",3500,2007,1,NA,0
"31110",3500,2010,1,NA,0
"31210",3507,2006,1,1574,0
"31310",3508,2005,1,NA,0
"31410",3517,2006,1,1417,0
"31510",3517,2011,3,NA,0
"31810",3518,2007,1,NA,0
"31910",3518,2009,1,NA,0
"3204",3518,2010,1,NA,0
"3211",3567,2011,1,NA,0
"3221",3567,2013,1,NA,0
"3231",3567,2014,1,NA,0
"3241",3574,2009,1,NA,0
"3251",3590,2009,1,NA,0
"3261",3594,2009,1,NA,0
"3271",3595,2007,1,NA,0
"3281",3595,2012,1,NA,0
"3291",3595,2013,1,NA,0
"3301",3595,2017,1,5028,0
"3311",3596,2008,1,NA,0
"3321",3596,2010,2,NA,0
"3341",3596,2012,1,NA,0
"3351",3604,2009,1,NA,0
"3361",3604,2011,1,NA,0
"3371",3606,2009,2,NA,0
"3391",3606,2013,1,NA,0
"3401",3608,2008,1,NA,0
"3411",3608,2009,1,NA,0
"3421",3608,2011,1,NA,0
"3431",3608,2014,1,NA,0
"3441",3616,2010,1,NA,0
"3451",3695,2009,1,NA,0
"3461",3698,2007,1,NA,0
"3471",3698,2008,1,NA,0
"3481",3699,2013,1,NA,0
"3491",4861,2014,1,NA,0
"3501",4861,2017,1,NA,0
"3511",4863,2010,2,NA,0
"3531",4868,2009,1,NA,0
"3541",4883,2009,1,NA,0
"3551",4896,2013,1,NA,0
"3561",4896,2014,2,NA,0
"3581",4917,2010,1,NA,0
"3591",4935,2009,1,NA,0
"3601",4936,2009,1,NA,0
"3611",4958,2010,1,NA,0
"3621",4958,2011,1,NA,0
"3631",4958,2013,1,NA,0
"3641",4958,2014,1,NA,0
"3651",4958,2016,1,NA,0
"3661",4958,2018,1,NA,0
"3671",4964,2009,2,NA,0
"3691",4965,2008,1,NA,0
"3701",4965,2009,2,NA,0
"3721",4965,2013,1,NA,0
"3731",4965,2017,1,5036,0
"3741",4971,2011,1,NA,0
"3751",4973,2010,1,NA,0
"3761",4999,2011,2,NA,0
"3781",5009,2018,1,NA,0
"3791",5075,2011,1,NA,0
"3801",5075,2015,1,NA,0
"3811",5075,2017,1,NA,0
"3821",5123,2009,1,NA,0
"3831",5123,2012,1,NA,0
"3841",5125,2012,1,NA,0
"3851",5128,2012,1,NA,0
"3861",5128,2014,2,NA,0
"3881",5132,2014,1,NA,0
"3891",5163,2009,1,NA,0
"3901",5163,2012,1,NA,0
"3911",5168,2010,2,NA,0
"3931",5173,2014,2,NA,0
"3951",5173,2015,1,NA,0
"3961",5195,2011,2,NA,0
"3981",5195,2014,1,NA,0
"3991",5212,2012,1,NA,0
"400",5212,2014,1,NA,0
"401",5217,2010,1,NA,0
"402",5217,2011,1,NA,0
"403",5224,2010,1,NA,0
"404",5263,2008,1,NA,0
"405",5267,2009,1,NA,0
"406",5267,2012,1,NA,0
"407",5277,2011,2,NA,0
"409",5277,2014,1,NA,0
"41010",5282,2014,1,NA,0
"41110",5284,2010,1,NA,0
"41210",5284,2011,1,NA,0
"41310",5284,2012,1,NA,0
"41410",5319,2011,1,NA,0
"41510",5319,2014,1,NA,0
"41610",5319,2021,1,NA,0
"41710",5320,2009,1,NA,0
"41810",5324,2010,1,NA,0
"4199",5324,2011,1,NA,0
"4201",5324,2012,1,NA,0
"4211",5336,2010,1,NA,0
"4221",5337,2011,1,NA,0
"4231",5450,2011,1,NA,0
"4241",5452,2018,1,NA,0
"4251",5465,2015,1,NA,0
"4261",5511,2011,1,NA,0
"4271",5511,2012,1,NA,0
"4281",5511,2015,1,NA,0
"4291",5514,2012,1,NA,0
"4301",5514,2014,2,NA,0
"4321",5517,2012,1,NA,0
"4331",5517,2015,1,NA,0
"4341",5518,2012,1,NA,0
"4351",5518,2014,1,NA,0
"4361",5518,2015,1,NA,0
"4371",5521,2014,1,NA,0
"4381",5521,2019,1,NA,0
"4391",5524,2014,1,NA,0
"4401",5524,2015,1,NA,0
"4411",5524,2017,1,NA,0
"4421",5530,2014,1,NA,0
"4431",5531,2010,1,NA,0
"4441",5536,2014,1,NA,0
"4451",5537,2015,1,NA,0
"4461",5543,2014,1,NA,0
"4471",5543,2016,1,NA,0
"4481",5543,2018,2,NA,0
"4501",5543,2020,1,NA,0
"4511",5545,2014,1,NA,0
"4521",5545,2016,1,NA,0
"4531",5545,2017,1,NA,0
"4541",5545,2018,1,NA,0
"4551",5549,2012,1,NA,0
"4561",5549,2014,1,NA,0
"4571",5549,2015,1,NA,0
"4581",5549,2017,1,4915,0
"4591",5562,2011,1,NA,0
"4601",5573,2012,1,NA,0
"4611",5575,2014,2,NA,0
"4631",5575,2015,1,NA,0
"4641",5589,2013,1,NA,0
"4651",5589,2015,1,NA,0
"4661",5608,2014,1,NA,0
"4671",5613,2012,1,NA,0
"4681",5613,2015,1,NA,0
"4691",5621,2015,1,NA,0
"4701",5621,2016,1,NA,0
"4711",5625,2014,1,NA,0
"4721",5630,2013,1,NA,0
"4731",5630,2015,1,NA,0
"4741",5634,2014,2,NA,0
"4761",5634,2016,1,NA,0
"4771",5635,2014,1,NA,0
"4781",5635,2016,2,NA,0
"4801",5635,2017,1,5054,0
"4811",5635,2020,1,NA,0
"4821",5640,2015,1,NA,0
"4831",5640,2017,1,4931,0
"4841",5641,2014,2,NA,0
"4861",5641,2017,1,5016,0
"4871",5652,2015,1,NA,0
"4881",5657,2014,2,NA,0
"4901",5683,2012,1,NA,0
"4911",5683,2014,1,NA,0
"4921",5683,2017,1,5052,0
"4931",5685,2012,1,NA,0
"4941",5749,2014,1,NA,0
"4951",5749,2015,1,NA,0
"4961",5766,2013,1,NA,0
"4971",5766,2014,2,NA,0
"4991",5823,2017,1,NA,0
"500",5833,2014,1,NA,0
"501",5833,2016,1,NA,0
"502",5833,2018,1,NA,0
"503",5838,2014,1,NA,0
"504",5838,2015,1,NA,0
"505",5838,2016,1,NA,0
"506",5838,2020,1,NA,0
"507",5842,2014,2,NA,0
"509",5843,2014,1,NA,0
"51010",5843,2017,1,NA,0
"51110",5851,2016,1,NA,0
"51210",5854,2015,1,NA,0
"51310",6009,2016,1,NA,0
"51410",6009,2017,1,5041,0
"51510",6009,2018,1,NA,0
"5161",6009,2021,1,NA,0
"5171",6028,2014,2,NA,0
"5191",6028,2015,1,NA,0
"5201",6028,2017,1,5051,0
"5211",6028,2018,1,5225,0
"5221",6034,2015,1,NA,0
"5231",6034,2017,1,5077,0
"5241",6036,2015,1,NA,0
"5251",6036,2016,1,NA,0
"5261",6036,2017,1,NA,0
"5271",6036,2018,1,5141,0
"5281",6044,2017,1,5043,0
"5291",6044,2018,2,NA,0
"5301",6044,2018,2,5117,0
"5311",6048,2014,1,3123,0
"5321",6061,2014,1,NA,0
"5331",6061,2017,1,5030,0
"5341",6064,2018,1,5088,0
"5351",6064,2019,1,NA,0
"5361",6066,2014,2,NA,0
"5381",6138,2016,1,NA,0
"5391",6139,2018,1,5126,0
"5401",6143,2017,1,NA,0
"5411",6159,2018,1,NA,0
"5421",6160,2017,1,NA,0
"5431",6160,2018,1,NA,0
"5441",6161,2017,1,5015,0
"5451",6161,2019,1,NA,0
"5461",6162,2020,1,NA,0
"5471",6168,2019,1,NA,0
"5481",6174,2017,1,NA,0
"5491",6181,2015,1,NA,0
"5501",6181,2018,1,NA,0
"5511",6182,2015,1,NA,0
"5521",6185,2019,1,NA,0
"5531",6185,2020,1,NA,0
"5541",6186,2016,1,NA,0
"5551",6186,2017,1,NA,0
"5561",6187,2018,2,5057,0
"5571",6187,2018,2,5124,0
"5581",6187,2019,1,NA,0
"5591",6188,2018,3,NA,0
"5621",6191,2017,1,NA,0
"5631",6194,2015,1,NA,0
"5641",6195,2018,1,5091,0
"5651",6199,2016,1,NA,0
"5661",6199,2020,1,NA,0
"5671",6211,2018,1,NA,0
"5681",6211,2019,1,NA,0
"5691",6211,2020,1,NA,0
"5701",6214,2015,1,NA,0
"5711",6214,2016,1,NA,0
"5721",6214,2017,1,5019,0
"5731",6214,2018,1,NA,0
"5741",6215,2018,1,5162,0
"5751",6217,2015,1,NA,0
"5761",6217,2018,1,NA,0
"5771",6229,2015,1,NA,0
"5781",6229,2016,1,NA,0
"5791",6229,2018,1,5176,0
"5801",6229,2020,1,NA,0
"5811",6233,2019,1,NA,0
"5821",6272,2018,1,NA,0
"5831",6272,2019,1,NA,0
"5841",6378,2017,1,4938,0
"5851",6546,2020,1,NA,0
"5861",6551,2018,1,5229,0
"5871",6551,2017,1,NA,0
"5881",6551,2020,1,NA,0
"5891",6554,2018,1,NA,0
"5901",6554,2019,1,NA,0
"5911",6554,2020,2,NA,0
"5931",6554,2021,1,NA,0
"5941",6561,2018,1,NA,0
"5951",6568,2019,1,NA,0
"5961",6644,2019,1,NA,0
"5971",6652,2017,1,5023,0
"5981",6656,2020,1,NA,0
"5991",6659,2017,1,NA,0
"600",6673,2018,1,5119,0
"601",6673,2019,1,NA,0
"602",6673,2020,1,NA,0
"603",6690,2018,1,NA,0
"604",6704,2022,1,NA,0
"605",6707,2018,1,NA,0
"606",6707,2020,1,NA,0
"607",6737,2018,1,NA,0
"608",6737,2020,2,NA,0
"61010",6737,2021,1,NA,0
"61110",6754,2021,1,NA,0
"61210",6765,2021,1,NA,0
"61310",6765,2022,1,NA,0
"61410",6766,2021,1,NA,0
"61510",6836,2019,1,NA,0
"61610",6847,2019,1,NA,0
"6171",6849,2021,1,NA,0
"6181",6852,2021,1,NA,0
"6191",6920,2021,1,5459,0
"6201",6925,2021,1,NA,0
"6211",6926,2020,1,NA,0
"6221",7076,2022,1,NA,0
"6231",7083,2021,2,NA,0
"6251",7091,2021,1,5407,0
"6261",7093,2021,1,NA,0
"6271",7118,2021,1,5424,0
"6281",7187,2021,1,NA,0
