"","BirdID","chickyear","ars","SexEstimate"
"121",64,1987,0,0
"2110",64,1988,0,0
"31",64,1989,0,0
"41",64,1990,0,0
"51",64,1991,0,0
"1642",64,1993,1,0
"2350",64,1994,2,0
"81",64,1995,0,0
"91",64,1996,0,0
"101",64,1997,0,0
"111",64,1998,0,0
"131",71,1987,0,0
"2210",71,1988,0,0
"32",71,1989,0,0
"42",71,1990,0,0
"52",71,1991,0,0
"3272",71,1993,1,0
"141",82,1987,0,0
"23",82,1988,0,0
"33",82,1989,0,0
"43",82,1990,0,0
"53",82,1991,0,0
"4282",82,1993,2,0
"151",163,1988,0,0
"24",163,1989,0,0
"34",163,1990,0,0
"44",163,1991,0,0
"5240",163,1993,1,0
"6214",163,1994,2,0
"71",163,1995,0,0
"7194",163,1996,1,0
"92",163,1997,0,0
"102",163,1998,0,0
"112",163,1999,0,0
"161",168,1989,0,0
"25",168,1990,0,0
"35",168,1991,0,0
"45",168,1993,0,0
"8175",168,1994,1,0
"61",168,1995,0,0
"9146",168,1996,1,0
"10109",168,1997,1,0
"93",168,1998,0,0
"11162",168,1999,2,0
"113",168,2000,0,0
"122",168,2001,0,0
"1710",169,1989,0,0
"26",169,1990,0,0
"36",169,1991,0,0
"46",169,1993,0,0
"54",169,1994,0,0
"12128",169,1995,1,0
"72",169,1996,0,0
"82",169,1997,0,0
"94",169,1998,0,0
"13105",169,1999,1,0
"118",169,2000,0,0
"1810",171,1989,0,0
"27",171,1990,0,0
"37",171,1991,0,0
"47",171,1993,0,0
"14100",171,1994,1,0
"15100",171,1995,1,0
"73",171,1996,0,0
"1643",171,1997,1,0
"95",171,1998,0,0
"1910",172,1989,0,0
"28",172,1990,0,0
"38",172,1991,0,0
"48",172,1993,0,0
"55",172,1994,0,0
"1719",172,1995,1,0
"74",172,1996,0,0
"83",172,1997,0,0
"110",189,1989,0,0
"29",189,1990,0,0
"39",189,1991,0,0
"1815",189,1993,1,0
"114",199,1987,0,0
"210",199,1988,0,0
"310",199,1989,0,0
"49",199,1990,0,0
"56",199,1991,0,0
"1913",199,1993,1,NA
"2010",199,1994,1,NA
"21100",199,1995,1,NA
"96",199,1996,0,0
"22100",199,1997,1,NA
"2351",199,1998,1,NA
"2410",199,1999,2,NA
"142",199,2000,0,0
"152",199,2001,0,0
"1610",199,2002,0,0
"132",199,2003,0,0
"115",207,1988,0,0
"211",207,1989,0,0
"311",207,1990,0,0
"410",207,1991,0,0
"2510",207,1992,2,0
"57",207,1993,0,0
"62",207,1994,0,0
"75",207,1995,0,0
"84",207,1996,0,0
"97",207,1997,0,0
"116",213,1988,0,0
"212",213,1989,0,0
"312",213,1990,0,0
"411",213,1991,0,0
"2610",213,1993,1,0
"2710",213,1994,2,0
"117",217,1988,0,0
"213",217,1989,0,0
"313",217,1990,0,0
"412",217,1991,0,0
"58",217,1993,0,0
"63",217,1994,0,0
"2810",217,1995,1,0
"2910",217,1996,1,0
"119",297,1989,0,0
"214",297,1990,0,0
"314",297,1991,0,0
"30",297,1993,3,0
"31100",297,1994,3,0
"64",297,1995,0,0
"3273",297,1996,2,0
"3310",297,1997,1,0
"98",297,1998,0,0
"3410",297,1999,1,0
"1110",297,2000,0,0
"123",297,2001,0,0
"120",308,1990,0,0
"215",308,1991,0,0
"315",308,1993,0,0
"3510",308,1994,1,0
"3610",308,1995,1,0
"3710",308,1996,1,0
"3810",308,1997,2,0
"3910",308,1998,1,0
"99",308,1999,0,0
"40",308,2000,1,0
"1111",308,2001,0,0
"41100",308,2002,1,0
"124",428,1981,0,0
"216",428,1982,0,0
"316",428,1983,0,0
"413",428,1984,0,0
"59",428,1985,0,0
"65",428,1986,0,0
"76",428,1987,0,0
"85",428,1988,0,0
"910",428,1989,0,0
"103",428,1990,0,0
"1112",428,1991,0,0
"127",428,1993,0,0
"4283",428,1994,1,0
"125",430,1985,0,0
"217",430,1986,0,0
"317",430,1987,0,0
"414",430,1988,0,0
"510",430,1989,0,0
"66",430,1990,0,0
"77",430,1991,0,0
"4310",430,1993,1,0
"911",430,1994,0,0
"126",440,1993,0,0
"4410",440,1994,1,0
"128",441,1993,0,0
"218",441,1994,0,0
"4510",441,1995,2,0
"415",441,1996,0,0
"4610",441,1997,1,0
"4710",441,1998,1,0
"78",441,1999,0,0
"1113",441,2000,0,0
"1210",441,2001,0,0
"1310",441,2002,0,0
"86",441,2003,0,0
"912",441,2004,0,0
"104",441,2005,0,0
"143",441,2006,0,0
"153",441,2007,0,0
"129",442,1993,0,0
"219",442,1994,0,0
"318",442,1995,0,0
"416",442,1996,0,0
"511",442,1997,0,0
"67",442,1998,0,0
"4810",442,1999,1,0
"913",442,2000,0,0
"105",442,2001,0,0
"1114",442,2002,0,0
"87",442,2003,0,0
"130",443,1993,0,0
"4910",443,1994,1,0
"50",443,1995,1,0
"133",444,1993,0,0
"51100",444,1994,1,0
"319",444,1995,0,0
"417",444,1996,0,0
"512",444,1997,0,0
"5241",444,1998,1,0
"5310",444,1999,1,0
"88",444,2000,0,0
"5410",444,2001,1,0
"106",444,2002,0,0
"5510",447,1993,1,0
"5610",447,1994,1,0
"320",447,1995,0,0
"418",447,1996,0,0
"513",447,1997,0,0
"68",447,1998,0,0
"79",447,1999,0,0
"89",447,2000,0,0
"134",450,1993,0,0
"5710",450,1994,1,0
"321",450,1995,0,0
"5810",450,1996,2,0
"514",450,1997,0,0
"69",450,1998,0,0
"5910",450,1999,1,0
"810",450,2000,0,0
"135",451,1993,0,0
"60",451,1994,1,0
"136",454,1993,0,0
"61100",454,1994,1,0
"6215",454,1995,2,0
"6310",454,1996,2,0
"6410",454,1997,2,0
"610",454,1998,0,0
"710",454,1999,0,0
"914",454,2000,0,0
"107",454,2001,0,0
"1115",454,2002,0,0
"811",454,2003,0,0
"137",455,1993,0,0
"220",455,1994,0,0
"322",455,1995,0,0
"419",455,1996,0,0
"6510",455,1997,2,0
"138",457,1993,0,0
"221",457,1994,0,0
"6610",457,1995,1,0
"420",457,1996,0,0
"515",457,1997,0,0
"6710",457,1998,1,0
"711",457,1999,0,0
"139",458,1993,0,0
"222",458,1994,0,0
"323",458,1995,0,0
"6810",458,1996,1,0
"6910",458,1997,1,0
"611",458,1998,0,0
"70",458,1999,1,0
"1116",458,2000,0,0
"1211",458,2001,0,0
"7195",458,2002,1,0
"7210",458,2003,1,0
"915",458,2004,0,0
"108",458,2005,0,0
"140",459,1993,0,0
"7310",459,1994,1,0
"7410",459,1995,1,0
"7510",459,1996,1,0
"7610",459,1997,1,0
"612",459,1998,0,0
"7710",459,1999,3,0
"1117",459,2000,0,0
"1212",459,2001,0,0
"1311",459,2002,0,0
"7810",459,2003,1,0
"916",459,2004,0,0
"109",459,2005,0,0
"1410",459,2006,0,0
"154",459,2007,0,0
"7910",462,1993,1,0
"223",462,1994,0,0
"324",462,1995,0,0
"421",462,1996,0,0
"516",462,1997,0,0
"613",462,1998,0,0
"712",462,1999,0,0
"80",464,1992,1,0
"8176",464,1993,1,0
"8210",464,1994,1,0
"325",464,1995,0,0
"422",464,1996,0,0
"144",466,1993,0,0
"8310",466,1994,1,0
"326",466,1995,0,0
"8410",466,1996,1,0
"517",466,1997,0,0
"614",466,1998,0,0
"8510",466,1999,1,0
"812",466,2000,0,0
"145",468,1993,0,0
"8610",468,1994,1,0
"327",468,1995,0,0
"423",468,1996,0,0
"146",469,1993,0,0
"8710",469,1994,1,0
"8810",469,1995,1,0
"8910",469,1996,1,0
"518",469,1997,0,0
"90",469,1998,1,0
"713",469,1999,0,0
"813",469,2000,0,0
"147",474,1993,0,0
"224",474,1994,0,0
"328",474,1995,0,0
"424",474,1996,0,0
"9147",474,1997,1,0
"615",474,1998,0,0
"148",500,1991,0,0
"9210",500,1992,1,0
"225",500,1993,0,0
"9310",500,1994,1,0
"425",500,1995,0,0
"9410",500,1996,2,0
"616",500,1997,0,0
"714",500,1998,0,0
"149",502,1994,0,0
"9510",502,1995,1,0
"9610",502,1996,1,0
"426",502,1997,0,0
"9710",502,1998,1,0
"617",502,1999,0,0
"715",502,2000,0,0
"150",503,1994,0,0
"226",503,1995,0,0
"9810",503,1996,1,0
"9910",503,1997,1,0
"519",503,1998,0,0
"618",503,1999,0,0
"100",503,2000,1,0
"1118",503,2001,0,0
"1213",503,2002,0,0
"716",503,2003,0,0
"814",503,2004,0,0
"917",503,2005,0,0
"1312",503,2006,0,0
"1411",503,2007,0,0
"1510",503,2008,0,0
"155",504,1994,0,0
"227",504,1995,0,0
"329",504,1996,0,0
"427",504,1997,0,0
"10110",504,1998,1,0
"619",504,1999,0,0
"717",504,2000,0,0
"10210",508,1994,1,0
"228",508,1995,0,0
"10310",508,1996,1,0
"428",508,1997,0,0
"156",511,1994,0,0
"10410",511,1995,1,0
"330",511,1996,0,0
"429",511,1997,0,0
"520",511,1998,0,0
"620",511,1999,0,0
"157",522,1994,0,0
"229",522,1995,0,0
"10510",522,1996,1,0
"10610",522,1997,1,0
"521",522,1998,0,0
"621",522,1999,0,0
"718",522,2000,0,0
"10710",522,2001,1,0
"918",522,2002,0,0
"158",524,1994,0,0
"10810",524,1995,1,0
"331",524,1996,0,0
"430",524,1997,0,0
"522",524,1998,0,0
"10910",524,1999,2,0
"11010",524,2000,1,0
"1119",524,2001,0,0
"11163",524,2002,1,0
"719",524,2003,0,0
"815",524,2004,0,0
"919",524,2005,0,0
"11210",528,1994,1,0
"230",528,1995,0,0
"11310",528,1996,1,0
"431",528,1997,0,0
"523",528,1998,0,0
"11410",530,1994,1,NA
"231",530,1995,0,0
"332",530,1996,0,0
"11510",530,1997,1,NA
"524",530,1998,0,0
"159",531,1994,0,0
"232",531,1995,0,0
"11610",531,1996,1,0
"11710",531,1997,1,0
"160",542,1994,0,0
"11810",542,1995,1,0
"11910",542,1996,2,0
"432",542,1997,0,0
"525",542,1998,0,0
"622",542,1999,0,0
"720",542,2000,0,0
"12010",543,1994,3,0
"12129",543,1995,1,0
"12210",543,1996,2,0
"433",543,1997,0,0
"526",543,1998,0,0
"162",558,1994,0,0
"233",558,1995,0,0
"12310",558,1996,1,0
"434",558,1997,0,0
"163",561,1994,0,0
"12410",561,1995,1,0
"333",561,1996,0,0
"12510",561,1997,2,0
"527",561,1998,0,0
"12610",561,1999,1,0
"164",563,1994,0,0
"234",563,1995,0,0
"12710",563,1996,1,0
"435",563,1997,0,0
"528",563,1998,0,0
"623",563,1999,0,0
"1010",563,2000,0,0
"1120",563,2001,0,0
"1214",563,2002,0,0
"721",563,2003,0,0
"816",563,2004,0,0
"920",563,2005,0,0
"12810",563,2006,1,0
"1412",563,2007,0,0
"12910",594,1994,2,0
"235",594,1995,0,0
"165",595,1994,0,0
"236",595,1995,0,0
"13010",595,1996,1,0
"436",595,1997,0,0
"529",595,1998,0,0
"624",595,1999,0,0
"13110",595,2000,2,0
"13210",595,2001,1,0
"1215",595,2002,0,0
"722",595,2003,0,0
"817",595,2004,0,0
"921",595,2005,0,0
"166",596,1994,0,0
"237",596,1995,0,0
"13310",596,1996,1,0
"13410",596,1997,1,0
"13510",596,1998,1,0
"13610",596,1999,1,0
"723",596,2000,0,0
"167",598,1994,0,0
"13710",598,1995,1,0
"168",601,1994,0,0
"238",601,1995,0,0
"334",601,1996,0,0
"13810",601,1997,1,0
"530",601,1998,0,0
"625",601,1999,0,0
"922",601,2000,0,0
"1011",601,2001,0,0
"1121",601,2002,0,0
"724",601,2003,0,0
"818",601,2004,0,0
"169",604,1994,0,0
"239",604,1995,0,0
"13910",604,1996,1,0
"437",604,1997,0,0
"14010",604,1998,1,0
"14110",604,1999,2,0
"725",604,2000,0,0
"14210",604,2001,1,0
"170",608,1994,0,0
"240",608,1995,0,0
"14310",608,1996,1,0
"14410",608,1997,1,0
"531",608,1998,0,0
"171",627,1994,0,0
"241",627,1995,0,0
"335",627,1996,0,0
"438",627,1997,0,0
"532",627,1998,0,0
"14510",627,1999,1,0
"726",627,2000,0,0
"14610",628,1994,1,0
"242",628,1995,0,0
"336",628,1996,0,0
"439",628,1997,0,0
"14710",628,1998,1,0
"626",628,1999,0,0
"923",628,2000,0,0
"1012",628,2001,0,0
"14810",628,2002,1,0
"727",628,2003,0,0
"819",628,2004,0,0
"172",630,1994,0,0
"243",630,1995,0,0
"337",630,1996,0,0
"14910",630,1997,1,0
"173",635,1994,0,0
"244",635,1995,0,0
"15010",635,1996,1,0
"440",635,1997,0,0
"533",635,1998,0,0
"174",639,1994,0,0
"245",639,1995,0,0
"338",639,1996,0,0
"441",639,1997,0,0
"15110",639,1998,1,0
"627",639,1999,0,0
"15210",639,2000,1,0
"820",639,2001,0,0
"924",639,2002,0,0
"15310",639,2003,1,0
"175",641,1994,0,0
"246",641,1995,0,0
"15410",641,1996,1,0
"442",641,1997,0,0
"534",641,1998,0,0
"176",666,1994,0,0
"247",666,1995,0,0
"339",666,1996,0,0
"443",666,1997,0,0
"535",666,1998,0,0
"15510",666,1999,1,0
"1013",666,2000,0,0
"1122",666,2001,0,0
"1216",666,2002,0,0
"728",666,2003,0,0
"821",666,2004,0,0
"925",666,2005,0,0
"177",670,1994,0,0
"248",670,1995,0,0
"340",670,1996,0,0
"444",670,1997,0,0
"536",670,1998,0,0
"15610",670,1999,1,0
"729",670,2000,0,0
"822",670,2001,0,0
"926",670,2002,0,0
"15710",671,1994,1,0
"249",671,1995,0,0
"178",675,1994,0,0
"250",675,1995,0,0
"15810",675,1996,2,0
"445",675,1997,0,0
"537",675,1998,0,0
"15910",677,1994,1,0
"251",677,1995,0,0
"16010",677,1996,1,0
"16110",677,1997,1,0
"538",677,1998,0,0
"16210",677,1999,1,0
"730",677,2000,0,0
"823",677,2001,0,0
"179",679,1994,0,0
"252",679,1995,0,0
"341",679,1996,0,0
"16310",679,1997,1,0
"539",679,1998,0,0
"180",774,1995,0,0
"1644",774,1996,3,0
"342",774,1997,0,0
"446",774,1998,0,0
"540",774,1999,0,0
"1651",774,2000,1,0
"731",774,2001,0,0
"824",774,2002,0,0
"181",792,1982,0,0
"253",792,1983,0,0
"343",792,1984,0,0
"447",792,1985,0,0
"541",792,1986,0,0
"628",792,1987,0,0
"732",792,1988,0,0
"825",792,1989,0,0
"927",792,1990,0,0
"1014",792,1991,0,0
"1123",792,1993,0,0
"1661",792,1994,1,0
"1313",792,1995,0,0
"1413",792,1996,0,0
"182",794,1982,0,0
"254",794,1983,0,0
"344",794,1984,0,0
"448",794,1985,0,0
"542",794,1986,0,0
"629",794,1987,0,0
"733",794,1988,0,0
"826",794,1989,0,0
"928",794,1990,0,0
"1015",794,1991,0,0
"1124",794,1993,0,0
"1671",794,1994,1,0
"1314",794,1995,0,0
"1414",794,1996,0,0
"1511",794,1997,0,0
"1611",794,1998,0,0
"1711",794,1999,0,0
"1681",823,1995,1,0
"255",823,1996,0,0
"345",823,1997,0,0
"1691",823,1998,1,0
"1701",823,1999,1,0
"734",823,2000,0,0
"827",823,2001,0,0
"929",823,2002,0,0
"630",823,2003,0,0
"183",825,1995,0,0
"256",825,1996,0,0
"17110",825,1997,1,0
"449",825,1998,0,0
"543",825,1999,0,0
"930",825,2000,0,0
"1016",825,2001,0,0
"1125",825,2002,0,0
"631",825,2003,0,0
"735",825,2004,0,0
"828",825,2005,0,0
"1217",825,2006,0,0
"184",826,1995,0,0
"257",826,1996,0,0
"346",826,1997,0,0
"450",826,1998,0,0
"1721",826,1999,2,0
"1731",826,2000,1,0
"736",826,2001,0,0
"829",826,2002,0,0
"185",827,1995,0,0
"1741",827,1996,1,0
"347",827,1997,0,0
"451",827,1998,0,0
"1751",832,1995,1,0
"258",832,1996,0,0
"1761",832,1997,1,0
"1771",832,1998,1,0
"544",832,1999,0,0
"931",832,2000,0,0
"1781",832,2001,1,0
"1126",832,2002,0,0
"1791",832,2003,2,0
"737",832,2004,0,0
"830",832,2005,0,0
"186",835,1995,0,0
"1801",835,1996,1,0
"348",835,1997,0,0
"452",835,1998,0,0
"1816",835,1999,1,0
"632",835,2000,0,0
"187",838,1995,0,0
"259",838,1996,0,0
"1821",838,1997,1,0
"1831",840,1995,1,0
"260",840,1996,0,0
"349",840,1997,0,0
"1841",840,1998,1,0
"1851",840,1999,1,0
"633",840,2000,0,0
"1861",840,2001,1,0
"831",840,2002,0,0
"188",845,1995,0,0
"261",845,1996,0,0
"350",845,1997,0,0
"453",845,1998,0,0
"1871",845,1999,1,0
"932",845,2000,0,0
"1881",845,2001,1,0
"1891",845,2002,1,0
"634",845,2003,0,0
"738",845,2004,0,0
"832",845,2005,0,0
"1218",845,2006,0,0
"1315",845,2007,0,0
"1901",853,1995,1,0
"262",853,1996,0,0
"1914",853,1997,1,0
"1921",853,1998,1,0
"1931",853,1999,1,0
"1941",853,2000,1,0
"189",855,1995,0,0
"1951",855,1996,1,0
"1961",855,1997,2,0
"190",858,1995,0,0
"1971",858,1996,1,0
"351",858,1997,0,0
"454",858,1998,0,0
"545",858,1999,0,0
"1981",858,2000,1,0
"1991",858,2001,1,0
"191",859,1995,0,0
"263",859,1996,0,0
"352",859,1997,0,0
"200",859,1998,1,0
"546",859,1999,0,0
"201",859,2000,1,0
"192",862,1995,0,0
"202",862,1996,3,0
"203",862,1997,1,0
"455",862,1998,0,0
"204",862,1999,1,0
"205",862,2000,1,0
"206",862,2001,1,0
"1127",862,2002,0,0
"635",862,2003,0,0
"739",862,2004,0,0
"833",862,2005,0,0
"193",869,1995,0,0
"264",869,1996,0,0
"353",869,1997,0,0
"456",869,1998,0,0
"207",869,1999,2,0
"933",869,2000,0,0
"208",869,2001,1,0
"209",869,2002,1,0
"636",869,2003,0,0
"21010",869,2004,1,0
"834",869,2005,0,0
"21110",869,2006,1,0
"1316",869,2007,0,0
"1415",869,2008,0,0
"1512",869,2009,0,0
"1612",869,2010,0,0
"194",872,1995,0,0
"21210",872,1996,1,0
"195",878,1995,0,0
"21310",878,1996,2,0
"354",878,1997,0,0
"457",878,1998,0,0
"196",880,1995,0,0
"265",880,1996,0,0
"21410",880,1997,1,0
"458",880,1998,0,0
"547",880,1999,0,0
"197",912,1995,0,0
"266",912,1996,0,0
"355",912,1997,0,0
"21510",912,1998,1,0
"21610",912,1999,2,0
"934",912,2000,0,0
"21710",912,2001,1,0
"21810",912,2002,1,0
"21910",912,2003,1,0
"740",912,2004,0,0
"835",912,2005,0,0
"22010",912,2006,1,0
"1317",912,2007,0,0
"1416",912,2008,0,0
"198",915,1995,0,0
"267",915,1996,0,0
"22110",915,1997,2,0
"459",915,1998,0,0
"22210",915,1999,2,0
"741",915,2000,0,0
"836",915,2001,0,0
"935",915,2002,0,0
"637",915,2003,0,0
"199",919,1995,0,0
"268",919,1996,0,0
"356",919,1997,0,0
"460",919,1998,0,0
"548",919,1999,0,0
"936",919,2000,0,0
"1017",919,2001,0,0
"1128",919,2002,0,0
"22310",919,2003,1,0
"742",919,2004,0,0
"22410",919,2005,1,0
"1100",924,1995,0,0
"22510",924,1996,1,0
"357",924,1997,0,0
"461",924,1998,0,0
"549",924,1999,0,0
"638",924,2000,0,0
"1101",925,1995,0,0
"269",925,1996,0,0
"358",925,1997,0,0
"462",925,1998,0,0
"22610",925,1999,1,0
"639",925,2000,0,0
"22710",925,2001,1,0
"837",925,2002,0,0
"1102",927,1995,0,0
"270",927,1996,0,0
"22810",927,1997,1,0
"463",927,1998,0,0
"550",927,1999,0,0
"22910",927,2000,1,0
"838",927,2001,0,0
"23010",927,2002,1,0
"23110",927,2003,1,0
"1103",930,1995,0,0
"271",930,1996,0,0
"359",930,1997,0,0
"23210",930,1998,1,0
"551",930,1999,0,0
"937",930,2000,0,0
"23310",930,2001,1,0
"23410",930,2002,1,0
"640",930,2003,0,0
"2352",930,2004,1,0
"2361",930,2005,1,0
"1219",930,2006,0,0
"2371",930,2007,1,0
"2381",930,2008,1,0
"1513",930,2009,0,0
"1613",930,2010,0,0
"1712",930,2011,0,0
"1811",930,2012,0,0
"1911",930,2013,0,0
"1104",931,1995,0,0
"272",931,1996,0,0
"360",931,1997,0,0
"2391",931,1998,1,0
"1105",932,1995,0,0
"273",932,1996,0,0
"2401",932,1997,1,0
"464",932,1998,0,0
"552",932,1999,0,0
"743",932,2000,0,0
"839",932,2001,0,0
"2411",932,2002,1,0
"641",932,2003,0,0
"1106",938,1995,0,0
"2421",938,1996,2,0
"361",938,1997,0,0
"465",938,1998,0,0
"2431",938,1999,1,0
"642",938,2000,0,0
"744",938,2001,0,0
"2441",938,2002,1,0
"1107",942,1995,0,0
"2451",942,1996,1,0
"2461",942,1997,1,0
"466",942,1998,0,0
"1108",949,1995,0,0
"274",949,1996,0,0
"362",949,1997,0,0
"467",949,1998,0,0
"2471",949,1999,2,0
"2481",949,2000,1,0
"1018",949,2001,0,0
"1131",949,2002,0,0
"643",949,2003,0,0
"745",949,2004,0,0
"840",949,2005,0,0
"1109",951,1996,0,0
"275",951,1997,0,0
"363",951,1998,0,0
"2491",951,1999,1,0
"2501",951,2000,1,0
"644",951,2001,0,0
"2511",951,2002,1,0
"1129",1017,1993,0,0
"276",1017,1994,0,0
"364",1017,1995,0,0
"468",1017,1996,0,0
"553",1017,1997,0,0
"2521",1017,1998,2,0
"2531",1017,1999,1,0
"2541",1017,2000,1,0
"1220",1017,2001,0,0
"1318",1017,2002,0,0
"2551",1017,2003,1,0
"938",1017,2004,0,0
"1019",1017,2005,0,0
"1130",1022,1996,0,0
"277",1022,1997,0,0
"365",1022,1998,0,0
"2561",1022,1999,1,0
"554",1022,2000,0,0
"1132",1024,1996,0,0
"278",1024,1997,0,0
"366",1024,1998,0,0
"469",1024,1999,0,0
"841",1024,2000,0,0
"939",1024,2001,0,0
"1020",1024,2002,0,0
"2571",1024,2003,3,0
"2581",1024,2004,1,0
"746",1024,2005,0,0
"1133",1024,2006,0,0
"1221",1024,2007,0,0
"1319",1024,2008,0,0
"1134",1042,1996,0,0
"279",1042,1997,0,0
"367",1042,1998,0,0
"2591",1042,1999,2,0
"842",1042,2000,0,0
"940",1042,2001,0,0
"1021",1042,2002,0,0
"2601",1042,2003,1,0
"2611",1042,2004,2,0
"2621",1042,2005,2,0
"1139",1042,2006,0,0
"2631",1042,2007,1,0
"1320",1042,2008,0,0
"2641",1042,2009,1,0
"1514",1042,2010,0,0
"1614",1042,2011,0,0
"1713",1042,2012,0,0
"1812",1042,2013,0,0
"1912",1042,2014,0,0
"20",1042,2015,0,0
"21",1042,2016,0,0
"22",1042,2017,0,0
"2651",1043,1996,1,0
"2661",1043,1997,1,0
"2671",1043,1998,1,0
"470",1043,1999,0,0
"843",1043,2000,0,0
"2681",1043,2001,1,0
"2691",1043,2002,1,0
"2701",1043,2003,1,0
"645",1043,2004,0,0
"2711",1043,2005,1,0
"2721",1043,2006,1,0
"1222",1043,2007,0,0
"2731",1043,2008,1,0
"1417",1043,2009,0,0
"1515",1043,2010,0,0
"1135",1049,1996,0,0
"280",1049,1997,0,0
"368",1049,1998,0,0
"471",1049,1999,0,0
"646",1049,2000,0,0
"2741",1049,2001,1,0
"844",1049,2002,0,0
"555",1049,2003,0,0
"1136",1059,1996,0,0
"281",1059,1997,0,0
"369",1059,1998,0,0
"2751",1059,1999,1,0
"2761",1059,2000,1,0
"2771",1059,2001,1,0
"845",1059,2002,0,0
"2781",1059,2003,1,0
"1137",1130,1997,0,0
"282",1130,1998,0,0
"370",1130,1999,0,0
"2791",1130,2000,1,0
"1138",1152,1997,0,0
"283",1152,1998,0,0
"371",1152,1999,0,0
"472",1152,2000,0,0
"556",1152,2001,0,0
"2801",1152,2002,1,0
"1140",1155,1997,0,0
"284",1155,1998,0,0
"2811",1155,1999,1,0
"747",1155,2000,0,0
"846",1155,2001,0,0
"2821",1155,2002,1,0
"2831",1155,2003,1,0
"557",1155,2004,0,0
"647",1155,2005,0,0
"2841",1155,2006,1,0
"1145",1155,2007,0,0
"1223",1155,2008,0,0
"1141",1158,1997,0,0
"2851",1158,1998,1,0
"372",1158,1999,0,0
"473",1158,2000,0,0
"2861",1158,2001,1,0
"648",1158,2002,0,0
"1142",1160,1997,0,0
"285",1160,1998,0,0
"2871",1160,1999,1,0
"474",1160,2000,0,0
"1143",1161,1997,0,0
"286",1161,1998,0,0
"373",1161,1999,0,0
"2881",1161,2000,1,0
"558",1161,2001,0,0
"1144",1170,1997,0,0
"287",1170,1998,0,0
"374",1170,1999,0,0
"2891",1170,2000,2,0
"847",1170,2001,0,0
"941",1170,2002,0,0
"475",1170,2003,0,0
"559",1170,2004,0,0
"649",1170,2005,0,0
"2901",1170,2006,1,0
"2911",1170,2007,1,0
"1224",1170,2008,0,0
"1146",1172,1997,0,0
"2921",1172,1998,1,0
"375",1172,1999,0,0
"748",1172,2000,0,0
"848",1172,2001,0,0
"2931",1172,2002,3,0
"476",1172,2003,0,0
"560",1172,2004,0,0
"650",1172,2005,0,0
"2941",1172,2006,1,0
"1150",1172,2007,0,0
"1225",1172,2008,0,0
"1321",1172,2009,0,0
"1418",1172,2010,0,0
"1147",1173,1997,0,0
"2951",1173,1998,1,0
"2961",1173,1999,1,0
"477",1173,2000,0,0
"561",1173,2001,0,0
"2971",1177,1997,1,0
"288",1177,1998,0,0
"376",1177,1999,0,0
"478",1177,2000,0,0
"2981",1177,2001,1,0
"651",1177,2002,0,0
"2991",1182,1997,1,0
"289",1182,1998,0,0
"1148",1186,1997,0,0
"290",1186,1998,0,0
"300",1186,1999,1,0
"301",1186,2000,1,0
"562",1186,2001,0,0
"302",1186,2002,1,0
"1149",1190,1997,0,0
"291",1190,1998,0,0
"377",1190,1999,0,0
"749",1190,2000,0,0
"303",1190,2001,1,0
"942",1190,2002,0,0
"304",1190,2003,1,0
"563",1190,2004,0,0
"652",1190,2005,0,0
"1151",1193,1997,0,0
"292",1193,1998,0,0
"378",1193,1999,0,0
"750",1193,2000,0,0
"849",1193,2001,0,0
"305",1193,2002,1,0
"306",1193,2003,1,0
"564",1193,2004,0,0
"653",1193,2005,0,0
"1022",1193,2006,0,0
"1154",1193,2007,0,0
"1152",1195,1997,0,0
"293",1195,1998,0,0
"379",1195,1999,0,0
"307",1195,2000,1,0
"850",1195,2001,0,0
"943",1195,2002,0,0
"308",1195,2003,1,0
"565",1195,2004,0,0
"654",1195,2005,0,0
"1023",1195,2006,0,0
"309",1195,2007,1,0
"1226",1195,2008,0,0
"1322",1195,2009,0,0
"1419",1195,2010,0,0
"1153",1200,1997,0,0
"294",1200,1998,0,0
"31010",1200,1999,2,0
"751",1200,2000,0,0
"851",1200,2001,0,0
"31110",1200,2002,1,0
"479",1200,2003,0,0
"566",1200,2004,0,0
"31210",1200,2005,1,0
"1024",1200,2006,0,0
"1155",1218,1997,0,0
"295",1218,1998,0,0
"31310",1218,1999,1,0
"752",1218,2000,0,0
"852",1218,2001,0,0
"944",1218,2002,0,0
"480",1218,2003,0,0
"567",1218,2004,0,0
"655",1218,2005,0,0
"1025",1218,2006,0,0
"1157",1218,2007,0,0
"1227",1218,2009,0,0
"1323",1218,2010,0,0
"1420",1218,2011,0,0
"1516",1218,2013,0,0
"1615",1218,2015,0,0
"1156",1222,1998,0,0
"296",1222,1999,0,0
"31410",1222,2000,1,0
"31510",1222,2001,1,0
"753",1222,2002,0,0
"31610",1222,2003,2,0
"481",1222,2004,0,0
"1158",1244,1998,0,0
"31710",1244,1999,1,0
"656",1244,2000,0,0
"31810",1244,2001,1,0
"31910",1244,2002,1,0
"380",1244,2003,0,0
"482",1244,2004,0,0
"568",1244,2005,0,0
"32010",1244,2006,1,0
"1026",1244,2007,0,0
"1161",1244,2008,0,0
"32110",1246,1997,1,0
"32210",1246,1998,1,0
"297",1246,1999,0,0
"381",1246,2000,0,0
"1159",1247,1998,0,0
"32310",1247,1999,1,0
"32410",1247,2000,2,0
"754",1247,2001,0,0
"853",1247,2002,0,0
"382",1247,2003,0,0
"32510",1247,2004,1,0
"569",1247,2005,0,0
"32610",1271,1998,1,0
"298",1271,1999,0,0
"3274",1271,2000,1,0
"3281",1271,2001,1,0
"3291",1271,2002,1,0
"3301",1271,2003,1,0
"483",1271,2004,0,0
"570",1271,2005,0,0
"1160",1275,1998,0,0
"299",1275,1999,0,0
"657",1275,2000,0,0
"755",1275,2001,0,0
"3311",1275,2002,1,0
"383",1275,2003,0,0
"484",1275,2004,0,0
"571",1275,2005,0,0
"1162",1305,1998,0,0
"2100",1305,1999,0,0
"658",1305,2000,0,0
"756",1305,2001,0,0
"854",1305,2002,0,0
"3321",1305,2003,1,0
"485",1305,2004,0,0
"572",1305,2005,0,0
"3331",1305,2006,1,0
"1027",1305,2007,0,0
"1165",1305,2008,0,0
"1228",1305,2009,0,0
"1163",1345,1998,0,0
"3341",1345,1999,1,0
"384",1345,2000,0,0
"1164",1355,1998,0,0
"2101",1355,1999,0,0
"486",1355,2000,0,0
"3351",1355,2001,1,0
"659",1355,2002,0,0
"385",1355,2003,0,0
"1166",1361,1998,0,0
"2102",1361,1999,0,0
"660",1361,2000,0,0
"757",1361,2001,0,0
"855",1361,2002,0,0
"3361",1361,2003,1,0
"487",1361,2004,0,0
"3371",1361,2005,1,0
"3381",1361,2006,1,0
"3391",1361,2007,1,0
"1171",1361,2008,0,0
"1229",1361,2009,0,0
"3401",1361,2010,1,0
"1167",1362,1998,0,0
"2103",1362,1999,0,0
"488",1362,2000,0,0
"573",1362,2001,0,0
"3411",1362,2002,1,0
"386",1362,2003,0,0
"3421",1362,2004,1,0
"1168",1369,1998,0,0
"3431",1369,1999,1,0
"3441",1369,2000,1,0
"758",1369,2001,0,0
"856",1369,2002,0,0
"3451",1369,2003,1,0
"3461",1369,2004,1,0
"3471",1369,2005,1,0
"1169",1380,1998,0,0
"2104",1380,1999,0,0
"489",1380,2000,0,0
"3481",1380,2001,1,0
"3491",1380,2002,1,0
"387",1380,2003,0,0
"1170",1382,1998,0,0
"2105",1382,1999,0,0
"3501",1382,2000,2,0
"490",1382,2001,0,0
"3511",1382,2002,1,0
"1172",1384,1998,0,0
"2106",1384,1999,0,0
"3521",1384,2000,1,0
"759",1384,2001,0,0
"3531",1384,2002,1,0
"3541",1384,2003,1,0
"491",1384,2004,0,0
"574",1384,2005,0,0
"945",1384,2006,0,0
"1028",1384,2007,0,0
"1175",1384,2008,0,0
"1230",1384,2009,0,0
"3551",1386,1998,1,0
"3561",1386,1999,1,0
"388",1386,2000,0,0
"492",1386,2001,0,0
"1173",1387,1998,0,0
"2107",1387,1999,0,0
"389",1387,2000,0,0
"493",1387,2001,0,0
"3571",1387,2002,1,0
"1174",1388,1998,0,0
"2108",1388,1999,0,0
"661",1388,2000,0,0
"760",1388,2001,0,0
"857",1388,2002,0,0
"390",1388,2003,0,0
"494",1388,2004,0,0
"3581",1388,2005,1,0
"1176",1401,1998,0,0
"2109",1401,1999,0,0
"662",1401,2000,0,0
"3591",1401,2001,1,0
"3601",1401,2002,1,0
"3611",1401,2003,1,0
"3621",1401,2004,1,0
"3631",1401,2005,1,0
"946",1401,2006,0,0
"3641",1401,2007,1,0
"1180",1401,2008,0,0
"1231",1401,2009,0,0
"1324",1401,2010,0,0
"1177",1403,1998,0,0
"3651",1403,1999,2,0
"3661",1403,2000,1,0
"3671",1403,2001,1,0
"3681",1403,2002,1,0
"3691",1403,2003,1,0
"495",1403,2004,0,0
"3701",1403,2005,2,0
"947",1403,2006,0,0
"1178",1404,1998,0,0
"3711",1404,1999,1,0
"391",1404,2000,0,0
"496",1404,2001,0,0
"575",1404,2002,0,0
"1179",1409,1998,0,0
"2111",1409,1999,0,0
"663",1409,2000,0,0
"3721",1409,2001,1,0
"858",1409,2002,0,0
"392",1409,2003,0,0
"497",1409,2004,0,0
"576",1409,2005,0,0
"948",1409,2006,0,0
"1181",1415,1998,0,0
"2112",1415,1999,0,0
"3731",1415,2000,1,0
"761",1415,2001,0,0
"3741",1415,2002,1,0
"3751",1415,2003,1,0
"3761",1415,2004,1,0
"577",1415,2005,0,0
"3771",1415,2006,2,0
"1029",1415,2007,0,0
"1189",1415,2008,0,0
"1232",1415,2009,0,0
"1325",1415,2010,0,0
"3781",1415,2011,1,0
"1517",1415,2012,0,0
"1616",1415,2013,0,0
"1182",1419,1999,0,0
"578",1419,2000,0,0
"664",1419,2001,0,0
"762",1419,2002,0,0
"3791",1419,2003,1,0
"393",1419,2004,0,0
"498",1419,2005,0,0
"859",1419,2006,0,0
"3801",1419,2007,1,0
"1030",1419,2008,0,0
"1183",1429,1999,0,0
"579",1429,2000,0,0
"665",1429,2001,0,0
"763",1429,2002,0,0
"2113",1429,2003,0,0
"3811",1429,2004,1,0
"499",1429,2005,0,0
"3821",1429,2006,1,0
"3831",1432,1999,1,0
"2114",1432,2000,0,0
"1184",1436,1999,0,0
"2115",1436,2000,0,0
"3841",1436,2001,1,0
"4100",1436,2002,0,0
"1185",1437,1999,0,0
"580",1437,2000,0,0
"666",1437,2001,0,0
"3851",1437,2002,1,0
"3861",1437,2003,1,0
"3871",1437,2004,1,0
"3881",1437,2005,2,0
"3891",1437,2006,2,0
"949",1437,2007,0,0
"1031",1437,2008,0,0
"1186",1438,1999,0,0
"581",1438,2000,0,0
"667",1438,2001,0,0
"764",1438,2002,0,0
"2116",1438,2003,0,0
"394",1438,2004,0,0
"4101",1438,2005,0,0
"860",1438,2006,0,0
"3901",1438,2007,1,0
"1032",1438,2008,0,0
"3911",1438,2009,1,0
"1233",1438,2010,0,0
"3921",1438,2011,1,0
"1421",1438,2012,0,0
"1518",1438,2013,0,0
"1617",1438,2014,0,0
"1714",1438,2015,0,0
"1187",1490,1999,0,0
"582",1490,2000,0,0
"3931",1490,2001,2,0
"765",1490,2002,0,0
"2117",1490,2003,0,0
"395",1490,2004,0,0
"4102",1490,2005,0,0
"861",1490,2006,0,0
"1188",1491,1999,0,0
"583",1491,2000,0,0
"668",1491,2001,0,0
"3941",1491,2002,1,0
"3951",1491,2003,1,0
"396",1491,2004,0,0
"3961",1491,2005,1,0
"3971",1491,2006,2,0
"3981",1491,2007,1,0
"1033",1491,2008,0,0
"3991",1491,2009,1,0
"1234",1491,2010,0,0
"1190",1501,1999,0,0
"584",1501,2000,0,0
"669",1501,2001,0,0
"400",1501,2002,1,0
"401",1501,2003,1,0
"397",1501,2004,0,0
"402",1501,2005,2,0
"403",1501,2006,2,0
"950",1501,2007,0,0
"1034",1501,2008,0,0
"1194",1501,2009,0,0
"1191",1503,1999,0,0
"585",1503,2000,0,0
"404",1503,2001,1,0
"766",1503,2002,0,0
"405",1503,2003,1,0
"398",1503,2004,0,0
"406",1503,2005,2,0
"407",1503,2006,1,0
"951",1503,2007,0,0
"1035",1503,2008,0,0
"1192",1506,1999,0,0
"586",1506,2000,0,0
"670",1506,2001,0,0
"408",1506,2002,1,0
"409",1506,2003,1,0
"399",1506,2004,0,0
"41010",1506,2005,2,0
"41110",1506,2006,2,0
"952",1506,2007,0,0
"1193",1508,1999,0,0
"587",1508,2000,0,0
"671",1508,2001,0,0
"767",1508,2002,0,0
"41210",1508,2003,1,NA
"3100",1508,2004,0,0
"4103",1508,2005,0,0
"1195",1510,1999,0,0
"588",1510,2000,0,0
"672",1510,2001,0,0
"41310",1510,2002,2,0
"2118",1510,2003,0,0
"41410",1510,2004,1,0
"41510",1510,2005,1,0
"41610",1510,2006,1,0
"953",1510,2007,0,0
"1036",1510,2008,0,0
"11100",1510,2009,0,0
"41710",1517,1999,1,0
"2119",1517,2000,0,0
"3101",1517,2001,0,0
"41810",1517,2002,1,0
"1196",1532,1999,0,0
"589",1532,2000,0,0
"41910",1532,2001,1,0
"768",1532,2002,0,0
"42010",1532,2003,1,0
"42110",1532,2004,1,0
"42210",1532,2005,1,0
"42310",1532,2006,1,0
"42410",1532,2007,1,0
"1037",1532,2008,0,0
"42510",1532,2009,1,0
"1235",1532,2010,0,0
"1197",1536,1999,0,0
"590",1536,2000,0,0
"673",1536,2001,0,0
"769",1536,2002,0,0
"42610",1536,2003,1,0
"3102",1536,2004,0,0
"4104",1536,2005,0,0
"42710",1536,2006,1,0
"4284",1536,2007,1,0
"1038",1536,2008,0,0
"1198",1538,1999,0,0
"591",1538,2000,0,0
"674",1538,2001,0,0
"4291",1538,2002,1,0
"2120",1538,2003,0,0
"3103",1538,2004,0,0
"4105",1538,2005,0,0
"862",1538,2006,0,0
"954",1538,2007,0,0
"1039",1538,2008,0,0
"1199",1541,1999,0,0
"592",1541,2000,0,0
"675",1541,2001,0,0
"4301",1541,2002,1,0
"2121",1541,2003,0,0
"3104",1541,2004,0,0
"4106",1541,2005,0,0
"1200",1552,1999,0,0
"2122",1552,2000,0,0
"4311",1552,2001,1,0
"4321",1552,2002,1,0
"1201",1558,1999,0,0
"593",1558,2000,0,0
"676",1558,2001,0,0
"770",1558,2002,0,0
"2123",1558,2003,0,0
"4331",1558,2004,1,0
"4107",1558,2005,0,0
"863",1558,2006,0,0
"955",1558,2007,0,0
"1040",1558,2008,0,0
"11101",1558,2009,0,0
"1202",1559,1999,0,0
"594",1559,2000,0,0
"677",1559,2001,0,0
"4341",1559,2002,1,0
"2124",1559,2003,0,0
"3105",1559,2004,0,0
"4351",1559,2005,1,0
"4361",1559,2006,1,0
"956",1559,2007,0,0
"1041",1559,2008,0,0
"11102",1559,2009,0,0
"1203",1563,1999,0,0
"595",1563,2000,0,0
"678",1563,2001,0,0
"4371",1563,2002,1,0
"2125",1563,2003,0,0
"4381",1563,2004,1,0
"4108",1563,2005,0,0
"864",1563,2006,0,0
"957",1563,2007,0,0
"1042",1563,2008,0,0
"11103",1563,2009,0,0
"4109",1576,2000,0,0
"596",1576,2001,0,0
"679",1576,2002,0,0
"1204",1576,2003,0,0
"2126",1576,2004,0,0
"4391",1576,2005,1,0
"771",1576,2006,0,0
"865",1576,2007,0,0
"958",1576,2008,0,0
"1043",1576,2009,0,0
"11104",1576,2010,0,0
"4110",1580,2000,0,0
"597",1580,2001,0,0
"4401",1580,2002,1,NA
"1205",1580,2003,0,0
"4411",1580,2004,1,NA
"4421",1580,2005,2,NA
"772",1580,2006,0,0
"4431",1580,2007,1,NA
"959",1580,2008,0,0
"1044",1580,2009,0,0
"4441",1580,2010,1,NA
"1236",1580,2011,0,0
"1326",1580,2012,0,0
"4451",1580,2013,1,NA
"1519",1580,2014,0,0
"1618",1580,2015,0,0
"1715",1580,2016,0,0
"1813",1580,2017,0,0
"4111",1588,2000,0,0
"598",1588,2001,0,0
"4461",1588,2002,1,0
"4471",1588,2003,1,0
"2127",1588,2004,0,0
"3106",1588,2005,0,0
"4112",1589,2000,0,0
"599",1589,2001,0,0
"680",1589,2002,0,0
"4481",1589,2003,1,0
"2128",1589,2004,0,0
"3107",1589,2005,0,0
"773",1589,2006,0,0
"4491",1589,2007,1,0
"960",1589,2008,0,0
"4113",1597,2000,0,0
"5100",1597,2001,0,0
"681",1597,2002,0,0
"4501",1597,2003,1,0
"4511",1597,2004,1,0
"3108",1597,2005,0,0
"4114",1605,2001,0,0
"4521",1605,2002,1,0
"1206",1605,2003,0,0
"4531",1605,2004,1,0
"4541",1605,2005,2,0
"682",1605,2006,0,0
"4551",1605,2007,1,0
"866",1605,2008,0,0
"961",1605,2009,0,0
"4561",1605,2010,2,0
"11105",1605,2011,0,0
"1237",1605,2012,0,0
"4571",1605,2013,1,0
"1422",1605,2014,0,0
"1520",1605,2015,0,0
"4115",1614,2001,0,0
"5101",1614,2002,0,0
"1207",1614,2003,0,0
"2129",1614,2004,0,0
"4581",1614,2005,1,0
"4591",1614,2006,1,0
"774",1614,2007,0,0
"867",1614,2008,0,0
"4116",1617,2001,0,0
"5102",1617,2002,0,0
"1208",1617,2003,0,0
"4601",1617,2004,1,0
"3109",1617,2005,0,0
"683",1617,2006,0,0
"775",1617,2007,0,0
"868",1617,2008,0,0
"962",1617,2009,0,0
"1045",1617,2010,0,0
"4611",1617,2011,1,0
"4117",1665,2002,0,0
"1209",1665,2003,0,0
"4621",1665,2004,1,0
"4631",1665,2005,1,0
"4118",1669,2002,0,0
"1238",1669,2003,0,0
"2130",1669,2004,0,0
"3110",1669,2005,0,0
"4641",1669,2006,1,0
"684",1669,2007,0,0
"4651",1669,2008,1,0
"4661",1669,2009,1,0
"963",1669,2010,0,0
"1046",1669,2011,0,0
"11106",1669,2012,0,0
"1243",1669,2013,0,0
"1327",1669,2014,0,0
"1423",1669,2015,0,0
"4119",1672,2002,0,0
"4671",1672,2003,1,0
"4681",1672,2004,1,0
"4691",1672,2005,1,0
"4701",1672,2006,2,0
"685",1672,2007,0,0
"4120",1674,2002,0,0
"4711",1674,2003,1,0
"2131",1674,2004,0,0
"3111",1674,2005,0,0
"4121",1678,2002,0,0
"1239",1678,2003,0,0
"2132",1678,2004,0,0
"4721",1678,2005,2,0
"5103",1678,2006,0,0
"4731",1678,2007,1,0
"4741",1678,2008,1,0
"869",1678,2009,0,0
"964",1678,2010,0,0
"1047",1678,2011,0,0
"11107",1678,2012,0,0
"4751",1678,2013,1,0
"1328",1678,2014,0,0
"1240",1685,2003,0,0
"2133",1685,2004,0,0
"4761",1685,2005,2,0
"4771",1685,2006,1,0
"5104",1685,2007,0,0
"686",1685,2008,0,0
"776",1685,2009,0,0
"870",1685,2010,0,0
"4122",1697,2002,0,0
"1241",1697,2003,0,0
"2134",1697,2004,0,0
"4781",1697,2005,1,0
"4791",1697,2006,2,0
"687",1697,2007,0,0
"4801",1701,2002,1,0
"4123",1705,2002,0,0
"1242",1705,2003,0,0
"4811",1705,2004,1,NA
"4821",1705,2005,3,NA
"4124",1707,2002,0,0
"1244",1707,2003,0,0
"2135",1707,2004,0,0
"4831",1707,2005,1,0
"5105",1707,2006,0,0
"688",1707,2007,0,0
"777",1707,2008,0,0
"871",1707,2009,0,0
"965",1707,2010,0,0
"4841",1707,2011,1,0
"4851",1707,2012,1,0
"1245",1707,2013,0,0
"4861",1707,2014,2,0
"1424",1707,2015,0,0
"4871",1707,2016,1,0
"1619",1707,2017,0,0
"1716",1707,2018,0,0
"1814",1707,2019,0,0
"4125",1716,2002,0,0
"1246",1716,2003,0,0
"2136",1716,2004,0,0
"4881",1716,2005,1,0
"4891",1716,2006,1,0
"4901",1716,2007,1,0
"778",1716,2008,0,0
"872",1716,2009,0,0
"4911",1716,2010,2,0
"4921",1716,2011,1,0
"4931",1716,2012,1,0
"1247",1716,2013,0,0
"1329",1716,2014,0,0
"1425",1716,2015,0,0
"1521",1716,2016,0,0
"1620",1716,2017,0,0
"4126",1717,2002,0,0
"1248",1717,2003,0,0
"4941",1717,2004,1,0
"4951",1717,2005,2,0
"4961",1717,2006,1,0
"689",1717,2007,0,0
"779",1717,2008,0,0
"4971",1717,2009,1,0
"966",1717,2010,0,0
"1048",1717,2011,0,0
"11108",1717,2012,0,0
"1252",1717,2013,0,0
"4981",1717,2014,1,0
"1426",1717,2015,0,0
"1522",1717,2016,0,0
"4127",1725,2002,0,0
"1249",1725,2003,0,0
"2137",1725,2004,0,0
"4991",1725,2005,2,0
"4128",1735,2002,0,0
"500",1735,2003,1,0
"501",1735,2004,1,0
"3112",1735,2005,0,0
"4129",1740,2002,0,0
"1250",1740,2003,0,0
"502",1740,2004,1,0
"503",1740,2005,1,0
"504",1740,2006,1,0
"690",1740,2007,0,0
"505",1740,2008,1,0
"873",1740,2009,0,0
"4130",1753,2002,0,0
"506",1753,2003,1,0
"507",1753,2004,1,0
"3113",1753,2005,0,0
"508",1753,2006,2,0
"691",1753,2007,0,0
"780",1753,2008,0,0
"874",1753,2009,0,0
"967",1753,2010,0,0
"1049",1753,2011,0,0
"4131",1757,2002,0,0
"509",1757,2003,1,0
"51010",1757,2004,1,0
"3114",1757,2005,0,0
"5106",1757,2006,0,0
"51110",1757,2007,1,0
"781",1757,2008,0,0
"51210",1757,2009,2,0
"968",1757,2010,0,0
"4132",1758,2002,0,0
"1251",1758,2003,0,0
"51310",1758,2004,1,0
"3115",1758,2005,0,0
"4133",1760,2002,0,0
"51410",1760,2003,1,0
"51510",1760,2004,1,0
"51610",1760,2005,1,0
"5107",1760,2006,0,0
"1253",1763,2003,0,0
"51710",1763,2004,2,0
"51810",1763,2005,1,0
"51910",1763,2006,1,0
"52010",1763,2007,1,0
"52110",1763,2008,1,0
"52210",1763,2009,1,0
"52310",1763,2010,1,0
"5242",1763,2011,1,0
"1050",1763,2012,0,0
"11109",1763,2013,0,0
"1254",1763,2014,0,0
"1255",1764,2003,0,0
"2138",1764,2004,0,0
"5251",1764,2005,1,0
"5261",1765,2003,1,0
"2139",1765,2004,0,0
"3116",1765,2005,0,0
"4134",1765,2006,0,0
"5271",1765,2007,1,0
"692",1765,2008,0,0
"5281",1765,2009,1,0
"875",1765,2010,0,0
"969",1765,2011,0,0
"1051",1765,2012,0,0
"11110",1765,2013,0,0
"1263",1765,2016,0,0
"5291",1771,2002,1,0
"5301",1771,2003,1,0
"1256",1772,2003,0,0
"5311",1772,2004,1,0
"3117",1772,2005,0,0
"5321",1772,2006,1,0
"5108",1772,2007,0,0
"1257",1776,2003,0,0
"2140",1776,2004,0,0
"3118",1776,2005,0,0
"4135",1776,2006,0,0
"5331",1776,2007,2,0
"693",1776,2008,0,0
"1258",1778,2003,0,0
"5341",1778,2004,2,0
"3119",1778,2005,0,0
"5351",1778,2006,1,0
"5109",1778,2007,0,0
"1259",1779,2003,0,0
"2141",1779,2004,0,0
"5361",1779,2005,1,0
"5371",1779,2006,1,0
"5110",1779,2007,0,0
"694",1779,2008,0,0
"1260",1781,2003,0,0
"2142",1781,2004,0,0
"5381",1781,2005,1,0
"5391",1782,2003,1,0
"2143",1782,2004,0,0
"3120",1782,2005,0,0
"4136",1782,2006,0,0
"5401",1782,2007,1,0
"695",1782,2008,0,0
"782",1782,2009,0,0
"876",1782,2010,0,0
"1261",1789,2003,0,0
"2144",1789,2004,0,0
"3121",1789,2005,0,0
"5411",1789,2006,1,0
"5421",1789,2007,1,0
"696",1789,2008,0,0
"1262",1790,2003,0,0
"2145",1790,2004,0,0
"5431",1790,2005,2,0
"4137",1790,2006,0,0
"5441",1790,2007,1,0
"5451",1790,2008,1,0
"1264",1791,2003,0,0
"5461",1791,2004,1,0
"5471",1791,2005,1,0
"5481",1791,2006,1,0
"5111",1791,2007,0,0
"697",1791,2008,0,0
"783",1791,2009,0,0
"877",1791,2010,0,0
"970",1791,2011,0,0
"1052",1791,2012,0,0
"11111",1791,2013,0,0
"1267",1791,2016,0,0
"1265",1798,2003,0,0
"2146",1798,2004,0,0
"3122",1798,2005,0,0
"4138",1798,2006,0,0
"5112",1798,2007,0,0
"698",1798,2008,0,0
"5491",1798,2009,1,0
"878",1798,2010,0,0
"1266",1800,2003,0,0
"2147",1800,2004,0,0
"3123",1800,2005,0,0
"4139",1800,2006,0,0
"5501",1800,2007,1,0
"1268",1803,2003,0,0
"2148",1803,2004,0,0
"3124",1803,2005,0,0
"4140",1803,2006,0,0
"5511",1803,2007,1,0
"5521",1803,2008,1,0
"784",1803,2009,0,0
"5531",1803,2010,2,0
"971",1803,2011,0,0
"1053",1803,2012,0,0
"11112",1803,2013,0,0
"1270",1803,2016,0,0
"1269",1805,2003,0,0
"2149",1805,2004,0,0
"3125",1805,2005,0,0
"5541",1805,2006,1,0
"5113",1805,2007,0,0
"699",1805,2008,0,0
"785",1805,2009,0,0
"879",1805,2010,0,0
"1271",1821,2003,0,0
"2150",1821,2004,0,0
"5551",1821,2005,1,0
"5561",1821,2006,1,0
"5114",1821,2007,0,0
"5571",1821,2008,1,0
"5581",1821,2009,1,0
"880",1821,2010,0,0
"972",1821,2011,0,0
"1054",1821,2012,0,0
"11113",1821,2013,0,0
"1274",1821,2014,0,0
"1330",1821,2015,0,0
"1427",1821,2016,0,0
"1523",1821,2017,0,0
"1272",1824,2003,0,0
"2151",1824,2004,0,0
"5591",1824,2005,1,0
"5601",1824,2006,1,0
"5115",1824,2007,0,0
"6100",1824,2008,0,0
"5611",1824,2009,1,0
"881",1824,2010,0,0
"973",1824,2011,0,0
"5621",1824,2012,2,0
"11114",1824,2013,0,0
"5631",1824,2014,1,0
"1331",1824,2015,0,0
"1273",1826,2003,0,0
"2152",1826,2004,0,0
"3126",1826,2005,0,0
"5641",1826,2006,1,0
"5651",1826,2007,1,0
"6101",1826,2008,0,0
"5661",1826,2009,1,0
"5671",1826,2010,2,0
"5681",1826,2011,1,0
"1055",1826,2012,0,0
"11115",1826,2013,0,0
"5691",1826,2014,2,0
"1332",1826,2015,0,0
"5701",1826,2016,1,0
"5711",1826,2017,1,0
"1621",1826,2018,0,0
"1717",1826,2019,0,0
"18",1826,2020,0,0
"19",1826,2021,0,0
"1275",1827,2003,0,0
"2153",1827,2004,0,0
"5721",1827,2005,1,0
"5731",1827,2006,2,0
"5116",1827,2007,0,0
"6102",1827,2008,0,0
"786",1827,2009,0,0
"5741",1827,2010,1,0
"974",1827,2011,0,0
"1056",1827,2012,0,0
"11116",1827,2013,0,0
"1279",1827,2014,0,0
"1276",1828,2003,0,0
"2154",1828,2004,0,0
"5751",1828,2005,1,0
"4141",1828,2006,0,0
"1277",1852,2003,0,0
"5761",1852,2004,1,0
"3127",1852,2005,0,0
"4142",1852,2006,0,0
"5117",1852,2007,0,0
"6103",1852,2008,0,0
"787",1852,2009,0,0
"5771",1852,2010,1,0
"975",1852,2011,0,0
"1057",1852,2012,0,0
"11117",1852,2013,0,0
"5781",1852,2014,1,0
"1333",1852,2015,0,0
"1278",1854,2003,0,0
"5791",1854,2004,1,0
"5801",1854,2005,1,0
"5811",1854,2006,1,0
"5821",1854,2007,1,0
"5831",1854,2008,1,0
"788",1854,2009,0,0
"1280",1857,2003,0,0
"2155",1857,2004,0,0
"5841",1857,2005,1,0
"5851",1857,2006,1,0
"5118",1857,2007,0,0
"6104",1857,2008,0,0
"5861",1857,2009,1,0
"882",1857,2010,0,0
"976",1857,2011,0,0
"1058",1857,2012,0,0
"11118",1857,2013,0,0
"1282",1857,2014,0,0
"1281",1859,1989,0,0
"2156",1859,1990,0,0
"3128",1859,1991,0,0
"5871",1859,1993,1,0
"5881",1859,1994,1,0
"6105",1859,1995,0,0
"789",1859,1996,0,0
"883",1859,1997,0,0
"977",1859,1998,0,0
"1059",1859,1999,0,0
"11119",1859,2000,0,0
"1283",1864,2003,0,0
"2157",1864,2004,0,0
"5891",1864,2005,1,0
"4143",1864,2006,0,0
"5119",1864,2007,0,0
"6106",1864,2008,0,0
"5901",1864,2009,1,0
"884",1864,2010,0,0
"978",1864,2011,0,0
"5911",1864,2012,1,0
"11120",1864,2013,0,0
"12100",1864,2014,0,0
"1284",1865,2003,0,0
"2158",1865,2004,0,0
"3129",1865,2005,0,0
"4144",1865,2006,0,0
"5921",1865,2007,1,0
"1285",1872,2003,0,0
"2159",1872,2004,0,0
"3130",1872,2005,0,0
"4145",1872,2006,0,0
"5931",1872,2007,1,0
"6107",1872,2008,0,0
"790",1872,2009,0,0
"885",1872,2010,0,0
"979",1872,2011,0,0
"1060",1872,2012,0,0
"11121",1872,2013,0,0
"4146",1891,2002,0,0
"1286",1891,2003,0,0
"5941",1891,2004,1,0
"5951",1891,2005,1,0
"4147",1892,2002,0,0
"5961",1892,2003,2,0
"5971",1892,2004,1,0
"3131",1892,2005,0,0
"4148",1893,2002,0,0
"5981",1893,2003,1,0
"2160",1893,2004,0,0
"5991",1893,2005,1,0
"600",1893,2006,1,0
"1287",1895,2003,0,0
"2161",1895,2004,0,0
"3132",1895,2005,0,0
"601",1895,2006,1,0
"5120",1895,2007,0,0
"602",1895,2008,1,0
"791",1895,2009,0,0
"886",1895,2010,0,0
"1288",2845,1991,0,0
"603",2845,1993,2,0
"1289",2959,2004,0,0
"2162",2959,2005,0,0
"604",2959,2006,1,0
"4149",2959,2007,0,0
"5121",2959,2008,0,0
"6108",2959,2009,0,0
"792",2959,2010,0,0
"1290",2963,2003,0,0
"2163",2963,2004,0,0
"605",2963,2005,1,0
"606",2963,2006,3,0
"607",2963,2007,1,0
"6109",2963,2008,0,0
"793",2963,2009,0,0
"608",2963,2010,1,0
"1291",2968,2004,0,0
"609",2968,2005,1,0
"61010",2968,2006,2,0
"4150",2968,2007,0,0
"5122",2968,2008,0,0
"6110",2968,2009,0,0
"794",2968,2010,0,0
"887",2968,2011,0,0
"980",2968,2012,0,0
"1061",2968,2013,0,0
"1292",2975,2004,0,0
"61110",2975,2005,1,0
"3133",2975,2006,0,0
"61210",2978,2004,1,0
"2164",2978,2005,0,0
"3134",2978,2006,0,0
"4151",2978,2007,0,0
"5123",2978,2008,0,0
"6111",2978,2009,0,0
"61310",2978,2010,1,0
"888",2978,2011,0,0
"981",2978,2012,0,0
"1062",2978,2013,0,0
"11122",2978,2014,0,0
"1293",2981,2004,0,0
"2165",2981,2005,0,0
"3135",2981,2006,0,0
"61410",2981,2007,1,0
"1294",2982,2004,0,0
"2166",2982,2005,0,0
"61510",2982,2006,1,0
"4152",2982,2007,0,0
"5124",2982,2008,0,0
"1295",2984,2004,0,0
"61610",2984,2005,1,0
"3136",2984,2006,0,0
"4153",2984,2007,0,0
"5125",2984,2008,0,0
"6112",2984,2009,0,0
"1296",2985,2004,0,0
"61710",2985,2005,1,0
"3137",2985,2006,0,0
"61810",2985,2007,2,0
"61910",2985,2008,1,0
"62010",2985,2009,1,0
"795",2985,2010,0,0
"6216",2985,2011,1,0
"1297",2987,2003,0,0
"2167",2987,2004,0,0
"6221",2987,2005,2,0
"1298",2989,2004,0,0
"2168",2989,2005,0,0
"6231",2989,2006,1,0
"4154",2989,2007,0,0
"5126",2989,2008,0,0
"6241",2989,2009,1,0
"6251",2989,2010,1,0
"889",2989,2011,0,0
"982",2989,2012,0,0
"1299",3002,2004,0,0
"6261",3002,2005,1,0
"6271",3002,2006,1,0
"6281",3002,2007,1,0
"5127",3002,2008,0,0
"6291",3002,2009,2,0
"6301",3002,2010,1,0
"6311",3002,2011,1,0
"983",3002,2012,0,0
"6321",3002,2013,1,0
"11123",3002,2014,0,0
"6331",3003,2004,1,0
"6341",3003,2005,1,0
"6351",3003,2006,1,0
"4155",3003,2007,0,0
"1300",3009,2004,0,0
"6361",3009,2005,1,0
"3138",3009,2006,0,0
"1301",3022,2005,0,0
"2169",3022,2006,0,0
"6371",3022,2007,1,0
"6381",3022,2008,1,0
"5128",3022,2009,0,0
"6391",3022,2010,2,0
"796",3022,2011,0,0
"890",3022,2012,0,0
"984",3022,2013,0,0
"1063",3022,2014,0,0
"1302",3085,2005,0,0
"2170",3085,2006,0,0
"6401",3085,2007,1,0
"6411",3085,2008,1,0
"5129",3085,2009,0,0
"6421",3085,2010,1,0
"797",3085,2011,0,0
"6431",3085,2012,1,0
"985",3085,2013,0,0
"6441",3085,2014,1,0
"11124",3085,2015,0,0
"12101",3085,2016,0,0
"1334",3085,2017,0,0
"1428",3085,2018,0,0
"1303",3086,2005,0,0
"6451",3086,2006,1,0
"3139",3086,2007,0,0
"4156",3086,2008,0,0
"6461",3086,2009,2,0
"6471",3086,2010,1,0
"798",3086,2011,0,0
"6481",3086,2012,1,0
"986",3086,2013,0,0
"6491",3086,2014,1,0
"6501",3086,2015,1,0
"12102",3086,2016,0,0
"1335",3086,2017,0,0
"6511",3086,2018,1,0
"1524",3086,2019,0,0
"6521",3090,2005,1,0
"2171",3090,2006,0,0
"3140",3090,2007,0,0
"4157",3090,2008,0,0
"1304",3094,2005,0,0
"6531",3094,2006,1,0
"6541",3094,2007,1,0
"6551",3094,2008,1,0
"5130",3094,2009,0,0
"6561",3094,2010,1,0
"799",3094,2011,0,0
"891",3094,2012,0,0
"987",3094,2013,0,0
"1064",3094,2014,0,0
"6571",3094,2015,2,0
"12103",3094,2016,0,0
"6581",3094,2017,1,0
"1429",3094,2018,0,0
"1525",3094,2019,0,0
"1305",3444,2005,0,0
"2172",3444,2006,0,0
"3141",3444,2007,0,0
"4158",3444,2008,0,0
"6591",3444,2009,1,0
"6113",3444,2010,0,0
"1306",3446,2005,0,0
"6601",3446,2006,1,0
"3142",3446,2007,0,0
"4159",3446,2008,0,0
"5131",3446,2009,0,0
"6114",3446,2010,0,0
"1307",3449,2005,0,0
"2173",3449,2006,0,0
"3143",3449,2007,0,0
"4160",3449,2008,0,0
"6611",3449,2009,1,0
"1308",3451,2005,0,0
"2174",3451,2006,0,0
"3144",3451,2007,0,0
"6621",3451,2008,1,0
"6631",3451,2009,1,0
"6115",3451,2010,0,0
"6641",3451,2011,1,0
"892",3451,2012,0,0
"988",3451,2013,0,0
"1065",3451,2014,0,0
"11125",3451,2015,0,0
"12104",3451,2016,0,0
"1336",3451,2017,0,0
"1430",3451,2018,0,0
"1309",3453,2005,0,0
"6651",3453,2006,2,0
"3145",3453,2007,0,0
"4161",3453,2008,0,0
"6661",3453,2009,1,0
"6671",3453,2010,1,0
"7100",3453,2011,0,0
"893",3453,2012,0,0
"989",3453,2013,0,0
"1337",3462,2005,0,0
"2175",3462,2006,0,0
"3146",3462,2007,0,0
"4162",3462,2008,0,0
"5132",3462,2009,0,0
"6681",3462,2010,1,0
"6691",3462,2011,1,0
"894",3462,2012,0,0
"990",3462,2013,0,0
"1066",3462,2014,0,0
"11126",3462,2015,0,0
"6701",3462,2016,1,0
"1339",3462,2017,0,0
"1431",3462,2018,0,0
"1526",3462,2019,0,0
"1622",3462,2020,0,0
"1718",3462,2021,0,0
"1338",3487,2004,0,0
"6711",3487,2005,2,0
"6721",3487,2006,1,0
"4163",3487,2007,0,0
"5133",3487,2008,0,0
"1340",3490,2005,0,0
"2176",3490,2006,0,0
"3147",3490,2007,0,0
"4164",3490,2008,0,0
"6731",3490,2009,2,0
"6116",3490,2010,0,0
"6741",3490,2011,3,0
"895",3490,2012,0,0
"991",3490,2013,0,0
"1067",3490,2014,0,0
"11127",3490,2015,0,0
"12105",3490,2016,0,0
"1342",3490,2017,0,0
"1432",3490,2018,0,0
"1341",3491,2005,0,0
"2177",3491,2006,0,0
"3148",3491,2007,0,0
"4165",3491,2008,0,0
"5134",3491,2009,0,0
"6117",3491,2010,0,0
"6751",3491,2011,1,0
"6761",3491,2012,1,0
"992",3491,2013,0,0
"6771",3491,2014,1,0
"11128",3491,2015,0,0
"1343",3497,2005,0,0
"2178",3497,2006,0,0
"6781",3497,2007,1,0
"4166",3497,2008,0,0
"5135",3497,2009,0,0
"6118",3497,2010,0,0
"7101",3497,2011,0,0
"896",3497,2012,0,0
"6791",3497,2013,1,0
"1068",3497,2014,0,0
"11129",3497,2015,0,0
"12106",3497,2016,0,0
"1354",3497,2017,0,0
"1433",3497,2018,0,0
"1527",3497,2019,0,0
"1344",3500,2005,0,0
"6801",3500,2006,1,0
"6811",3500,2007,1,0
"4167",3500,2008,0,0
"5136",3500,2009,0,0
"1345",3505,2005,0,0
"6821",3505,2006,2,0
"6831",3505,2007,1,0
"4168",3505,2008,0,0
"5137",3505,2009,0,0
"1346",3507,2005,0,0
"6841",3507,2006,1,0
"3149",3507,2007,0,0
"4169",3507,2008,0,0
"5138",3507,2009,0,0
"6119",3507,2010,0,0
"7102",3507,2011,0,0
"897",3507,2012,0,0
"993",3507,2013,0,0
"1347",3516,2005,0,0
"2179",3516,2006,0,0
"3150",3516,2007,0,0
"4170",3516,2008,0,0
"5139",3516,2009,0,0
"6851",3516,2010,1,0
"1348",3517,2005,0,0
"6861",3517,2006,1,0
"3151",3517,2007,0,0
"6871",3517,2008,1,0
"5140",3517,2009,0,0
"6881",3517,2010,1,0
"6891",3517,2011,3,0
"898",3517,2012,0,0
"1349",3518,2005,0,0
"2180",3518,2006,0,0
"6901",3518,2007,1,0
"4171",3518,2008,0,0
"5141",3518,2009,0,0
"6911",3518,2010,2,0
"7103",3518,2011,0,0
"899",3518,2012,0,0
"6921",3518,2013,1,0
"1069",3518,2014,0,0
"1350",3567,2005,0,0
"2181",3567,2006,0,0
"3152",3567,2007,0,0
"4172",3567,2008,0,0
"5142",3567,2009,0,0
"6931",3567,2010,1,0
"6941",3567,2011,1,0
"8100",3567,2012,0,0
"994",3567,2013,0,0
"1070",3567,2014,0,0
"11130",3567,2015,0,0
"1351",3569,2005,0,0
"2182",3569,2006,0,0
"3153",3569,2007,0,0
"6951",3569,2008,1,0
"5143",3569,2009,0,0
"6961",3569,2010,1,0
"1352",3574,2005,0,0
"2183",3574,2006,0,0
"3154",3574,2007,0,0
"6971",3574,2008,1,0
"6981",3574,2009,1,0
"6120",3574,2010,0,0
"7104",3574,2011,0,0
"8101",3574,2012,0,0
"995",3574,2013,0,0
"6991",3574,2014,1,0
"11131",3574,2015,0,0
"12107",3574,2016,0,0
"1353",3590,2005,0,0
"2184",3590,2006,0,0
"3155",3590,2007,0,0
"4173",3590,2008,0,0
"700",3590,2009,1,0
"6121",3590,2010,0,0
"1355",3594,2005,0,0
"2185",3594,2006,0,0
"3156",3594,2007,0,0
"4174",3594,2008,0,0
"701",3594,2009,1,0
"6122",3594,2010,0,0
"7105",3594,2011,0,0
"8102",3594,2012,0,0
"996",3594,2013,0,0
"1071",3594,2014,0,0
"11132",3594,2015,0,0
"12108",3594,2016,0,0
"1357",3594,2017,0,0
"1356",3595,2005,0,0
"2186",3595,2006,0,0
"702",3595,2007,1,0
"4175",3595,2008,0,0
"5144",3595,2009,0,0
"703",3595,2010,1,0
"7106",3595,2011,0,0
"704",3595,2012,1,0
"705",3595,2013,1,0
"1072",3595,2014,0,0
"11133",3595,2015,0,0
"12109",3595,2016,0,0
"706",3595,2017,1,0
"1434",3595,2018,0,0
"1528",3595,2019,0,0
"1358",3596,2005,0,0
"2187",3596,2006,0,0
"3157",3596,2007,0,0
"707",3596,2008,1,0
"708",3596,2009,1,0
"709",3596,2010,2,0
"7107",3596,2011,0,0
"71010",3596,2012,3,0
"997",3596,2013,0,0
"1073",3596,2014,0,0
"11134",3596,2015,0,0
"12110",3596,2016,0,0
"1364",3596,2017,0,0
"1435",3596,2018,0,0
"1529",3596,2019,0,0
"1359",3606,2005,0,0
"2188",3606,2006,0,0
"3158",3606,2007,0,0
"71110",3606,2008,1,0
"71210",3606,2009,1,0
"6123",3606,2010,0,0
"71310",3606,2011,1,0
"8103",3606,2012,0,0
"71410",3606,2013,1,0
"1074",3606,2014,0,0
"1360",3608,2005,0,0
"2189",3608,2006,0,0
"71510",3608,2007,1,0
"4176",3608,2008,0,0
"71610",3608,2009,1,0
"6124",3608,2010,0,0
"71710",3608,2011,1,0
"8104",3608,2012,0,0
"998",3608,2013,0,0
"71810",3608,2014,1,0
"11135",3608,2015,0,0
"1361",3616,2005,0,0
"2190",3616,2006,0,0
"3159",3616,2007,0,0
"4177",3616,2008,0,0
"5145",3616,2009,0,0
"7196",3616,2010,1,NA
"1362",3648,2005,0,0
"7201",3648,2006,1,0
"1363",3695,2005,0,0
"2191",3695,2006,0,0
"3160",3695,2007,0,0
"4178",3695,2008,0,0
"7211",3695,2009,1,0
"1365",3698,2005,0,0
"7221",3698,2006,1,0
"7231",3698,2007,2,0
"7241",3698,2008,1,0
"7251",3698,2009,1,0
"6125",3698,2010,0,0
"7108",3698,2011,0,0
"8105",3698,2012,0,0
"999",3698,2013,0,0
"7261",3698,2014,1,0
"11136",3698,2015,0,0
"12111",3698,2016,0,0
"1366",3698,2017,0,0
"1436",3698,2018,0,0
"1367",3699,2005,0,0
"2192",3699,2006,0,0
"3161",3699,2007,0,0
"7271",3699,2008,1,0
"5146",3699,2009,0,0
"6126",3699,2010,0,0
"7109",3699,2011,0,0
"8106",3699,2012,0,0
"7281",3699,2013,1,0
"1075",3699,2014,0,0
"11137",3699,2015,0,0
"12112",3699,2016,0,0
"1369",3699,2017,0,0
"1437",3699,2018,0,0
"1368",4803,2006,0,0
"2193",4803,2007,0,0
"3162",4803,2008,0,0
"4179",4803,2009,0,0
"5147",4803,2010,0,0
"6127",4803,2011,0,0
"7291",4803,2012,1,0
"8107",4803,2013,0,0
"9100",4803,2014,0,0
"1370",4861,2006,0,0
"2194",4861,2007,0,0
"3163",4861,2008,0,0
"4180",4861,2009,0,0
"5148",4861,2010,0,0
"6128",4861,2011,0,0
"7110",4861,2012,0,0
"8108",4861,2013,0,0
"7301",4861,2014,1,0
"1076",4861,2015,0,0
"11138",4861,2016,0,0
"7311",4861,2017,1,0
"1375",4861,2018,0,0
"1438",4861,2019,0,0
"1530",4861,2020,0,0
"1371",4863,2006,0,0
"2195",4863,2007,0,0
"3164",4863,2008,0,0
"4181",4863,2009,0,0
"7321",4863,2010,2,0
"1372",4868,2006,0,0
"2196",4868,2007,0,0
"3165",4868,2008,0,0
"7331",4868,2009,2,0
"5149",4868,2010,0,0
"1373",4878,2006,0,0
"2197",4878,2007,0,0
"7341",4878,2008,1,0
"1374",4883,2006,0,0
"2198",4883,2007,0,0
"3166",4883,2008,0,0
"7351",4883,2009,1,0
"5150",4883,2010,0,0
"6129",4883,2011,0,0
"7111",4883,2012,0,0
"8109",4883,2013,0,0
"9101",4883,2014,0,0
"1376",4885,2006,0,0
"2199",4885,2007,0,0
"3167",4885,2008,0,0
"4182",4885,2009,0,0
"5151",4885,2010,0,0
"6130",4885,2011,0,0
"7361",4885,2012,1,0
"8110",4885,2013,0,0
"9102",4885,2014,0,0
"1077",4885,2015,0,0
"11139",4885,2016,0,0
"12113",4885,2017,0,0
"1379",4885,2018,0,0
"1439",4885,2019,0,0
"1531",4885,2020,0,0
"1623",4885,2021,0,0
"17",4885,2022,0,0
"1377",4896,2006,0,0
"2200",4896,2007,0,0
"7371",4896,2008,2,0
"7381",4896,2009,1,0
"7391",4896,2010,1,0
"6131",4896,2011,0,0
"7112",4896,2012,0,0
"7401",4896,2013,2,0
"7411",4896,2014,1,0
"7421",4896,2015,1,0
"11140",4896,2016,0,0
"12114",4896,2017,0,0
"1378",4904,2006,0,0
"2201",4904,2007,0,0
"3168",4904,2008,0,0
"4183",4904,2009,0,0
"5152",4904,2010,0,0
"6132",4904,2011,0,0
"7431",4904,2012,1,0
"8111",4904,2013,0,0
"7441",4904,2014,1,0
"1078",4904,2015,0,0
"1380",4917,2006,0,0
"2202",4917,2007,0,0
"3169",4917,2008,0,0
"4184",4917,2009,0,0
"7451",4917,2010,1,0
"6133",4917,2011,0,0
"7113",4917,2012,0,0
"8112",4917,2013,0,0
"9103",4917,2014,0,0
"1079",4917,2015,0,0
"11141",4917,2016,0,0
"12115",4917,2017,0,0
"1384",4917,2018,0,0
"1381",4935,2006,0,0
"2203",4935,2007,0,0
"3170",4935,2008,0,0
"7461",4935,2009,1,0
"5153",4935,2010,0,0
"1382",4936,2006,0,0
"2204",4936,2007,0,0
"3171",4936,2008,0,0
"7471",4936,2009,1,0
"5154",4936,2010,0,0
"6134",4936,2011,0,0
"1383",4941,2007,0,0
"2205",4941,2008,0,0
"7481",4941,2009,1,0
"4185",4941,2010,0,0
"5155",4941,2011,0,0
"6135",4941,2012,0,0
"7114",4941,2013,0,0
"8113",4941,2014,0,0
"9104",4941,2015,0,0
"1385",4958,2007,0,0
"2206",4958,2008,0,0
"7491",4958,2009,1,0
"7501",4958,2010,1,0
"7511",4958,2011,1,0
"7521",4958,2012,1,0
"7531",4958,2013,1,0
"7541",4958,2014,3,0
"9105",4958,2015,0,0
"7551",4958,2016,2,0
"11142",4958,2017,0,0
"7561",4958,2018,1,0
"1389",4958,2019,0,0
"1440",4958,2020,0,0
"1532",4958,2021,0,0
"1386",4960,2007,0,0
"2207",4960,2008,0,0
"7571",4960,2009,1,0
"4186",4960,2010,0,0
"1387",4961,2007,0,0
"2208",4961,2008,0,0
"7581",4961,2009,1,0
"4187",4961,2010,0,0
"1388",4964,2007,0,0
"2209",4964,2008,0,0
"7591",4964,2009,2,0
"7601",4964,2010,1,0
"1390",4965,2007,0,0
"7611",4965,2008,1,0
"7621",4965,2009,2,0
"7631",4965,2010,1,0
"7641",4965,2011,1,0
"6136",4965,2012,0,0
"7651",4965,2013,1,0
"8114",4965,2014,0,0
"9106",4965,2015,0,0
"1080",4965,2016,0,0
"7661",4965,2017,3,0
"12116",4965,2018,0,0
"1394",4965,2019,0,0
"1441",4965,2020,0,0
"1391",4971,2007,0,0
"2211",4971,2008,0,0
"3172",4971,2009,0,0
"4188",4971,2010,0,0
"7671",4971,2011,1,0
"6137",4971,2012,0,0
"7115",4971,2013,0,0
"8115",4971,2014,0,0
"1392",4973,2007,0,0
"2212",4973,2008,0,0
"7681",4973,2009,2,0
"7691",4973,2010,1,0
"5156",4973,2011,0,0
"6138",4973,2012,0,0
"7116",4973,2013,0,0
"8116",4973,2014,0,0
"9107",4973,2015,0,0
"1393",4999,2007,0,0
"2213",4999,2008,0,0
"3173",4999,2009,0,0
"4189",4999,2010,0,0
"7701",4999,2011,1,0
"6139",4999,2012,0,0
"7117",4999,2013,0,0
"8117",4999,2014,0,0
"9108",4999,2015,0,0
"1395",5009,2007,0,0
"2214",5009,2008,0,0
"3174",5009,2009,0,0
"4190",5009,2010,0,0
"5157",5009,2011,0,0
"6140",5009,2012,0,0
"7118",5009,2013,0,0
"8118",5009,2014,0,0
"9109",5009,2015,0,0
"1081",5009,2016,0,0
"11143",5009,2017,0,0
"7711",5009,2018,1,0
"1396",5009,2019,0,0
"1450",5009,2020,0,0
"15",5009,2021,0,0
"16",5009,2022,0,0
"1397",5075,2007,0,0
"2215",5075,2008,0,0
"7721",5075,2009,1,0
"4191",5075,2010,0,0
"7731",5075,2011,1,0
"6141",5075,2012,0,0
"7119",5075,2013,0,0
"8119",5075,2014,0,0
"7741",5075,2015,1,0
"1082",5075,2016,0,0
"7751",5075,2017,2,0
"7761",5075,2018,1,0
"13100",5075,2019,0,0
"1398",5079,2007,0,0
"7771",5079,2008,1,0
"3175",5079,2009,0,0
"1399",5119,2007,0,0
"2216",5119,2008,0,0
"3176",5119,2009,0,0
"4192",5119,2010,0,0
"7781",5119,2011,1,0
"1400",5123,2007,0,0
"2217",5123,2008,0,0
"7791",5123,2009,1,0
"7801",5123,2010,1,0
"5158",5123,2011,0,0
"6142",5123,2012,0,0
"7120",5123,2013,0,0
"1401",5125,2007,0,0
"2218",5125,2008,0,0
"3177",5125,2009,0,0
"4193",5125,2010,0,0
"5159",5125,2011,0,0
"7811",5125,2012,1,0
"7121",5125,2013,0,0
"8120",5125,2014,0,0
"1402",5128,2007,0,0
"2219",5128,2008,0,0
"3178",5128,2009,0,0
"4194",5128,2010,0,0
"5160",5128,2011,0,0
"7821",5128,2012,1,0
"7122",5128,2013,0,0
"7831",5128,2014,2,0
"9110",5128,2015,0,0
"1083",5128,2016,0,0
"11144",5128,2017,0,0
"7841",5128,2018,1,0
"13101",5128,2019,0,0
"1403",5132,2007,0,0
"2220",5132,2008,0,0
"3179",5132,2009,0,0
"4195",5132,2010,0,0
"7851",5132,2011,2,0
"6143",5132,2012,0,0
"7123",5132,2013,0,0
"7861",5132,2014,1,0
"7871",5132,2015,1,0
"1084",5132,2016,0,0
"11145",5132,2017,0,0
"7881",5162,2007,1,0
"1404",5162,2008,0,0
"2221",5162,2009,0,0
"7891",5162,2010,1,0
"7901",5162,2011,1,0
"5161",5162,2012,0,0
"7911",5162,2013,1,0
"7124",5162,2014,0,0
"8121",5162,2015,0,0
"7921",5162,2016,1,0
"1085",5162,2017,0,0
"11146",5162,2018,0,0
"1405",5163,2008,0,0
"7931",5163,2009,1,0
"7941",5163,2010,1,0
"4196",5163,2011,0,0
"7951",5163,2012,1,0
"6144",5163,2013,0,0
"1406",5164,2008,0,0
"2222",5164,2009,0,0
"3180",5164,2010,0,0
"7961",5164,2011,2,0
"5162",5164,2012,0,0
"1407",5168,2008,0,0
"2223",5168,2009,0,0
"7971",5168,2010,2,0
"1408",5173,2008,0,0
"2224",5173,2009,0,0
"3181",5173,2010,0,0
"4197",5173,2011,0,0
"5163",5173,2012,0,0
"6145",5173,2013,0,0
"7981",5173,2014,1,0
"8122",5173,2015,0,0
"9111",5173,2016,0,0
"1086",5173,2017,0,0
"11147",5173,2018,0,0
"1409",5212,2008,0,0
"2225",5212,2009,0,0
"3182",5212,2010,0,0
"4198",5212,2011,0,0
"7991",5212,2012,1,0
"6146",5212,2013,0,0
"800",5212,2014,2,0
"801",5212,2015,2,0
"9112",5212,2016,0,0
"1087",5212,2017,0,0
"11148",5212,2018,0,0
"1442",5217,2008,0,0
"2226",5217,2009,0,0
"802",5217,2010,2,0
"803",5217,2011,1,0
"5164",5217,2012,0,0
"6147",5217,2013,0,0
"804",5217,2014,1,0
"8123",5217,2015,0,0
"1443",5224,2008,0,0
"2227",5224,2009,0,0
"805",5224,2010,1,0
"4199",5224,2011,0,0
"5165",5224,2012,0,0
"6148",5224,2013,0,0
"7125",5224,2014,0,0
"1444",5242,2008,0,0
"2228",5242,2009,0,0
"3183",5242,2010,0,0
"806",5242,2011,1,0
"5166",5242,2012,0,0
"6149",5242,2013,0,0
"807",5263,2008,1,0
"1445",5267,2008,0,0
"808",5267,2009,1,0
"3184",5267,2010,0,0
"4200",5267,2011,0,0
"809",5267,2012,1,0
"6150",5267,2013,0,0
"7126",5267,2014,0,0
"8124",5267,2015,0,0
"1446",5268,2008,0,0
"2229",5268,2009,0,0
"81010",5268,2010,1,0
"1447",5277,2009,0,0
"81110",5277,2010,1,0
"81210",5277,2011,2,0
"81310",5277,2012,1,0
"81410",5277,2013,1,0
"81510",5277,2014,1,0
"7127",5277,2015,0,0
"1448",5282,2009,0,0
"2230",5282,2010,0,0
"3185",5282,2011,0,0
"4201",5282,2012,0,0
"5167",5282,2013,0,0
"81610",5282,2014,1,0
"7128",5282,2015,0,0
"1449",5284,2009,0,0
"8177",5284,2010,1,0
"8181",5284,2011,2,0
"8191",5284,2012,1,0
"5168",5284,2013,0,0
"6151",5284,2014,0,0
"7129",5284,2015,0,0
"1451",5319,2009,0,0
"2231",5319,2010,0,0
"8201",5319,2011,2,0
"4202",5319,2012,0,0
"5169",5319,2013,0,0
"6152",5319,2014,0,0
"7130",5319,2015,0,0
"8125",5319,2016,0,0
"8211",5319,2017,1,0
"8221",5319,2018,1,0
"11149",5319,2019,0,0
"12117",5319,2020,0,0
"8231",5319,2021,1,0
"14",5319,2022,0,0
"8241",5320,2009,1,0
"2232",5320,2010,0,0
"8251",5320,2011,1,0
"4203",5320,2012,0,0
"5170",5320,2013,0,0
"1452",5324,2009,0,0
"8261",5324,2010,2,0
"8271",5324,2011,1,0
"4204",5324,2012,0,0
"5171",5324,2013,0,0
"1453",5336,2009,0,0
"8281",5336,2010,1,0
"1454",5337,2009,0,0
"2233",5337,2010,0,0
"8291",5337,2011,1,0
"4205",5337,2012,0,0
"5172",5337,2013,0,0
"8301",5337,2014,1,0
"7131",5337,2015,0,0
"8126",5337,2016,0,0
"9113",5337,2017,0,0
"1088",5337,2018,0,0
"1455",5450,2009,0,0
"2234",5450,2010,0,0
"8311",5450,2011,1,0
"4206",5450,2012,0,0
"5173",5450,2013,0,0
"6153",5450,2014,0,0
"7132",5450,2015,0,0
"1456",5452,2009,0,0
"2235",5452,2010,0,0
"8321",5452,2011,1,0
"4207",5452,2012,0,0
"5174",5452,2013,0,0
"8331",5452,2014,1,0
"7133",5452,2015,0,0
"8341",5452,2016,1,0
"8351",5452,2017,1,0
"1089",5452,2018,0,0
"11150",5452,2019,0,0
"12118",5452,2020,0,0
"13102",5452,2021,0,0
"1457",5465,2009,0,0
"2236",5465,2010,0,0
"3186",5465,2011,0,0
"8361",5465,2012,1,0
"5175",5465,2013,0,0
"8371",5465,2014,1,0
"8381",5465,2015,1,0
"8127",5465,2016,0,0
"9114",5465,2017,0,0
"1090",5465,2018,0,0
"11151",5465,2019,0,0
"1458",5511,2010,0,0
"8391",5511,2011,1,0
"8401",5511,2012,1,0
"4208",5511,2013,0,0
"5176",5511,2014,0,0
"8411",5511,2015,1,0
"7134",5511,2016,0,0
"8128",5511,2017,0,0
"9115",5511,2018,0,0
"1459",5514,2010,0,0
"8421",5514,2011,1,0
"3187",5514,2012,0,0
"4209",5514,2013,0,0
"8431",5514,2014,3,0
"6154",5514,2015,0,0
"7135",5514,2016,0,0
"8129",5514,2017,0,0
"9116",5514,2018,0,0
"1460",5517,2010,0,0
"8441",5517,2011,1,0
"8451",5517,2012,1,0
"4210",5517,2013,0,0
"8461",5517,2014,1,0
"8471",5517,2015,1,0
"8481",5517,2016,1,0
"8130",5517,2017,0,0
"1461",5518,2010,0,0
"2237",5518,2011,0,0
"8491",5518,2012,1,0
"4211",5518,2013,0,0
"8501",5518,2014,2,0
"8511",5518,2015,1,0
"7136",5518,2016,0,0
"8131",5518,2017,0,0
"1462",5521,2010,0,0
"2238",5521,2011,0,0
"3188",5521,2012,0,0
"4212",5521,2013,0,0
"8521",5521,2014,1,0
"6155",5521,2015,0,0
"7137",5521,2016,0,0
"8132",5521,2017,0,0
"9117",5521,2018,0,0
"8531",5521,2019,1,0
"11152",5521,2020,0,0
"12119",5521,2021,0,0
"13103",5521,2022,0,0
"1463",5524,2010,0,0
"2239",5524,2011,0,0
"8541",5524,2012,1,0
"4213",5524,2013,0,0
"5177",5524,2014,0,0
"8551",5524,2015,2,0
"7138",5524,2016,0,0
"8561",5524,2017,1,0
"9118",5524,2018,0,0
"1464",5525,2010,0,0
"2240",5525,2011,0,0
"8571",5525,2012,1,0
"4214",5525,2013,0,0
"8581",5525,2014,1,0
"6156",5525,2015,0,0
"1465",5530,2010,0,0
"2241",5530,2011,0,0
"8591",5530,2012,1,0
"4215",5530,2013,0,0
"8601",5530,2014,1,0
"6157",5530,2015,0,0
"7139",5530,2016,0,0
"8133",5530,2017,0,0
"8611",5530,2018,1,0
"1091",5530,2019,0,0
"8621",5531,2010,1,0
"2242",5531,2011,0,0
"3189",5531,2012,0,0
"4216",5531,2013,0,0
"5178",5531,2016,0,0
"1466",5533,2010,0,0
"8631",5533,2011,1,0
"1467",5536,2010,0,0
"2243",5536,2011,0,0
"3190",5536,2012,0,0
"4217",5536,2013,0,0
"8641",5536,2014,1,0
"6158",5536,2015,0,0
"1468",5537,2010,0,0
"2244",5537,2011,0,0
"3191",5537,2012,0,0
"8651",5537,2013,1,0
"5179",5537,2014,0,0
"6159",5537,2015,0,0
"8661",5537,2016,1,0
"8134",5537,2017,0,0
"9119",5537,2018,0,0
"1092",5537,2019,0,0
"1469",5543,2010,0,0
"2245",5543,2011,0,0
"3192",5543,2012,0,0
"4218",5543,2013,0,0
"8671",5543,2014,1,0
"8681",5543,2015,1,0
"8691",5543,2016,1,0
"8701",5543,2017,1,0
"8711",5543,2018,2,0
"1093",5543,2019,0,0
"8721",5543,2020,1,0
"12120",5543,2021,0,0
"13104",5543,2022,0,0
"1470",5545,2010,0,0
"2246",5545,2011,0,0
"3193",5545,2012,0,0
"4219",5545,2013,0,0
"8731",5545,2014,1,0
"6160",5545,2015,0,0
"8741",5545,2016,2,0
"8751",5545,2017,1,0
"8761",5545,2018,2,0
"1094",5545,2019,0,0
"8771",5545,2020,1,0
"12121",5545,2021,0,0
"13",5545,2022,0,0
"1471",5549,2010,0,0
"2247",5549,2011,0,0
"8781",5549,2012,3,0
"4220",5549,2013,0,0
"8791",5549,2014,2,0
"8801",5549,2015,1,0
"7140",5549,2016,0,0
"8811",5549,2017,1,0
"9120",5549,2018,0,0
"1095",5549,2019,0,0
"1472",5564,2010,0,0
"2248",5564,2011,0,0
"3194",5564,2012,0,0
"8821",5564,2013,1,0
"5180",5564,2014,0,0
"1473",5573,2010,0,0
"2249",5573,2011,0,0
"8831",5573,2012,1,0
"4221",5573,2013,0,0
"5181",5573,2016,0,0
"1474",5575,2010,0,0
"2250",5575,2011,0,0
"3195",5575,2012,0,0
"4222",5575,2013,0,0
"8841",5575,2014,1,0
"8851",5575,2015,1,0
"7141",5575,2016,0,0
"8135",5575,2017,0,0
"1475",5589,2011,0,0
"8861",5589,2012,1,0
"8871",5589,2013,1,0
"4223",5589,2014,0,0
"8881",5589,2015,1,0
"6161",5589,2016,0,0
"7142",5589,2017,0,0
"8136",5589,2018,0,0
"1476",5596,2011,0,0
"2251",5596,2012,0,0
"3196",5596,2013,0,0
"8891",5596,2014,2,0
"5182",5596,2015,0,0
"6162",5596,2016,0,0
"7143",5596,2017,0,0
"8137",5596,2018,0,0
"9121",5596,2019,0,0
"1096",5596,2020,0,0
"11153",5596,2021,0,0
"1477",5597,2011,0,0
"2252",5597,2012,0,0
"3197",5597,2013,0,0
"8901",5597,2014,1,0
"8911",5597,2015,1,0
"6163",5597,2016,0,0
"7144",5597,2017,0,0
"8138",5597,2018,0,0
"9122",5597,2019,0,0
"1097",5597,2020,0,0
"11154",5597,2021,0,0
"12122",5597,2022,0,0
"8921",5598,2011,1,0
"2253",5598,2012,0,0
"8931",5598,2013,1,0
"8941",5598,2014,1,0
"5183",5598,2015,0,0
"6164",5598,2016,0,0
"7145",5598,2017,0,0
"1478",5604,2011,0,0
"8951",5604,2012,1,0
"3198",5604,2013,0,0
"8961",5604,2014,1,0
"5184",5604,2015,0,0
"1479",5608,2011,0,0
"2254",5608,2012,0,0
"3199",5608,2013,0,0
"8971",5608,2014,1,0
"1480",5611,2011,0,0
"2255",5611,2012,0,0
"3200",5611,2013,0,0
"8981",5611,2014,1,0
"5185",5611,2015,0,0
"6165",5611,2016,0,0
"7146",5611,2017,0,0
"8139",5611,2018,0,0
"9123",5611,2019,0,0
"1098",5611,2020,0,0
"11155",5611,2021,0,0
"12123",5611,2022,0,0
"1481",5613,2011,0,0
"2256",5613,2012,0,0
"3201",5613,2013,0,0
"8991",5613,2014,1,0
"900",5613,2015,1,0
"6166",5613,2016,0,0
"7147",5613,2017,0,0
"1482",5621,2011,0,0
"901",5621,2012,1,0
"3202",5621,2013,0,0
"4224",5621,2014,0,0
"902",5621,2015,1,0
"903",5621,2016,1,0
"904",5621,2017,2,0
"8140",5621,2018,0,0
"9124",5621,2019,0,0
"1099",5621,2020,0,0
"11156",5621,2021,0,0
"12124",5621,2022,0,0
"1483",5625,2011,0,0
"2257",5625,2012,0,0
"905",5625,2013,1,0
"906",5625,2014,2,0
"5186",5625,2015,0,0
"1484",5630,2011,0,0
"2258",5630,2012,0,0
"907",5630,2013,1,0
"908",5630,2014,1,0
"909",5630,2015,1,0
"91010",5630,2016,1,0
"7148",5630,2017,0,0
"91110",5630,2018,2,0
"9125",5630,2019,0,0
"10100",5630,2020,0,0
"11157",5630,2021,0,0
"12125",5630,2022,0,0
"1485",5634,2011,0,0
"91210",5634,2012,1,0
"3203",5634,2013,0,0
"91310",5634,2014,2,0
"5187",5634,2015,0,0
"9148",5634,2016,1,0
"9151",5634,2017,2,0
"8141",5634,2018,0,0
"1486",5635,2011,0,0
"2259",5635,2012,0,0
"9161",5635,2013,2,0
"9171",5635,2014,1,0
"5188",5635,2015,0,0
"9181",5635,2016,2,0
"7149",5635,2017,0,0
"9191",5635,2018,1,0
"9201",5635,2019,1,0
"9211",5635,2020,2,0
"11158",5635,2021,0,0
"1487",5640,2011,0,0
"2260",5640,2012,0,0
"3204",5640,2013,0,0
"4225",5640,2014,0,0
"9221",5640,2015,1,0
"6167",5640,2016,0,0
"9231",5640,2017,1,0
"8142",5640,2018,0,0
"9126",5640,2019,0,0
"10101",5640,2020,0,0
"11159",5640,2021,0,0
"12126",5640,2022,0,0
"1488",5641,2011,0,0
"2261",5641,2012,0,0
"3205",5641,2013,0,0
"9241",5641,2014,1,0
"9251",5641,2015,1,0
"6168",5641,2016,0,0
"9261",5641,2017,1,0
"8143",5641,2018,0,0
"1489",5652,2011,0,0
"2262",5652,2012,0,0
"3206",5652,2013,0,0
"9271",5652,2014,1,0
"5189",5652,2015,0,0
"6169",5652,2016,0,0
"1490",5657,2011,0,0
"2263",5657,2012,0,0
"3207",5657,2013,0,0
"9281",5657,2014,3,0
"5190",5657,2015,0,0
"6170",5657,2016,0,0
"9291",5657,2017,2,0
"8144",5657,2018,0,0
"9301",5657,2019,1,0
"9311",5657,2020,1,0
"11160",5657,2021,0,0
"12127",5657,2022,0,0
"1491",5683,2011,0,0
"9321",5683,2012,1,0
"3208",5683,2013,0,0
"9331",5683,2014,2,0
"5191",5683,2015,0,0
"9341",5683,2016,1,0
"9351",5683,2017,1,0
"8145",5683,2018,0,0
"9127",5683,2019,0,0
"10102",5683,2020,0,0
"11161",5683,2021,0,0
"12",5683,2022,0,0
"1492",5749,2012,0,0
"2264",5749,2013,0,0
"9361",5749,2014,1,0
"9371",5749,2015,1,0
"9381",5749,2016,1,0
"9391",5749,2017,1,0
"7150",5749,2018,0,0
"1493",5750,2012,0,0
"2265",5750,2013,0,0
"9401",5750,2014,1,0
"4226",5750,2015,0,0
"5192",5750,2016,0,0
"1494",5766,2012,0,0
"9411",5766,2013,1,0
"9421",5766,2014,1,0
"4227",5766,2015,0,0
"1495",5769,2012,0,0
"2266",5769,2013,0,0
"9431",5769,2014,1,0
"4228",5769,2015,0,0
"1496",5823,2012,0,0
"2267",5823,2013,0,0
"3209",5823,2014,0,0
"9441",5823,2015,1,0
"9451",5823,2016,1,0
"9461",5823,2017,1,0
"9471",5823,2018,1,0
"8146",5823,2019,0,0
"9128",5823,2020,0,0
"9481",5823,2021,1,0
"11",5823,2022,0,0
"1497",5825,2012,0,0
"2268",5825,2013,0,0
"3210",5825,2014,0,0
"4229",5825,2015,0,0
"9491",5825,2016,1,0
"1498",5833,2012,0,0
"2269",5833,2013,0,0
"9501",5833,2014,2,0
"4230",5833,2015,0,0
"9511",5833,2016,1,0
"9521",5833,2017,1,0
"9531",5833,2018,1,0
"8147",5833,2019,0,0
"1499",5838,2012,0,0
"2270",5838,2013,0,0
"9541",5838,2014,2,0
"9551",5838,2015,1,0
"9561",5838,2016,1,0
"9571",5838,2017,1,0
"7151",5838,2018,0,0
"9581",5838,2019,1,0
"9591",5838,2020,1,0
"10103",5838,2021,0,0
"1500",5842,2012,0,0
"2271",5842,2013,0,0
"9601",5842,2014,1,0
"4231",5842,2015,0,0
"1501",5843,2012,0,0
"2272",5843,2013,0,0
"9611",5843,2014,1,0
"4232",5843,2015,0,0
"5193",5843,2016,0,0
"9621",5843,2017,1,0
"7152",5843,2018,0,0
"9631",5845,2012,1,0
"9641",5845,2013,1,0
"3211",5845,2014,0,0
"9651",5845,2015,2,0
"9661",5845,2016,1,0
"9671",5845,2017,1,0
"7153",5845,2018,0,0
"8148",5845,2019,0,0
"9129",5845,2020,0,0
"10104",5845,2021,0,0
"1502",5846,2012,0,0
"2273",5846,2013,0,0
"3212",5846,2014,0,0
"4233",5846,2015,0,0
"5194",5846,2016,0,0
"6171",5846,2017,0,0
"9681",5846,2018,1,0
"8149",5846,2019,0,0
"1503",5851,2012,0,0
"2274",5851,2013,0,0
"9691",5851,2014,1,0
"9701",5851,2015,1,0
"5195",5851,2016,0,0
"9711",5851,2017,1,0
"7154",5851,2018,0,0
"1504",5854,2012,0,0
"2275",5854,2013,0,0
"3213",5854,2014,0,0
"9721",5854,2015,1,0
"5196",5854,2016,0,0
"6172",5854,2017,0,0
"7155",5854,2018,0,0
"1505",5901,2013,0,0
"9731",5901,2014,2,0
"3214",5901,2015,0,0
"9741",5901,2016,1,0
"9751",5901,2017,2,0
"6173",5901,2018,0,0
"7156",5901,2019,0,0
"8150",5901,2020,0,0
"9130",5901,2021,0,0
"10105",5901,2022,0,0
"9761",5902,2012,1,0
"1506",5902,2013,0,0
"1507",5909,2013,0,0
"2276",5909,2014,0,0
"3215",5909,2015,0,0
"9771",5909,2016,1,0
"5197",5909,2017,0,0
"6174",5909,2018,0,0
"7157",5909,2019,0,0
"1508",6009,2013,0,0
"2277",6009,2014,0,0
"9781",6009,2015,1,0
"9791",6009,2016,1,0
"9801",6009,2017,1,0
"9811",6009,2018,2,0
"7158",6009,2019,0,0
"8151",6009,2020,0,0
"9821",6009,2021,1,0
"10106",6009,2022,0,0
"1509",6022,2013,0,0
"9831",6022,2014,2,0
"3216",6022,2015,0,0
"9841",6022,2016,1,0
"5198",6022,2017,0,0
"9851",6022,2018,1,0
"7159",6022,2019,0,0
"8152",6022,2020,0,0
"1533",6028,2013,0,0
"9861",6028,2014,2,0
"9871",6028,2015,1,0
"9881",6028,2016,1,0
"9891",6028,2017,1,0
"9901",6028,2018,2,0
"7160",6028,2019,0,0
"8153",6028,2020,0,0
"9131",6028,2021,0,0
"10107",6028,2022,0,0
"1534",6034,2013,0,0
"2278",6034,2014,0,0
"9911",6034,2015,1,0
"4234",6034,2016,0,0
"9921",6034,2017,2,0
"9931",6034,2018,2,0
"7161",6034,2019,0,0
"1535",6036,2013,0,0
"2279",6036,2014,0,0
"9941",6036,2015,2,0
"4235",6036,2016,0,0
"9951",6036,2017,2,0
"9961",6036,2018,1,0
"7162",6036,2019,0,0
"9971",6036,2020,1,0
"9132",6036,2021,0,0
"10108",6036,2022,0,0
"1536",6044,2013,0,0
"2280",6044,2014,0,0
"9981",6044,2015,1,0
"4236",6044,2016,0,0
"5199",6044,2017,0,0
"9991",6044,2018,1,0
"7163",6044,2019,0,0
"8154",6044,2020,0,0
"9133",6044,2021,0,0
"10",6044,2022,0,0
"1537",6048,2013,0,0
"1000",6048,2014,1,0
"3217",6048,2015,0,0
"4237",6048,2016,0,0
"1001",6048,2017,1,0
"1002",6048,2018,1,0
"7164",6048,2019,0,0
"8155",6048,2020,0,0
"9134",6048,2021,0,0
"1003",6061,2014,1,0
"1004",6061,2015,1,0
"3218",6061,2016,0,0
"1005",6061,2017,1,0
"5200",6061,2018,0,0
"6175",6061,2019,0,0
"1538",6064,2014,0,0
"2281",6064,2015,0,0
"3219",6064,2016,0,0
"4238",6064,2017,0,0
"1006",6064,2018,1,0
"1007",6064,2019,1,0
"7165",6064,2020,0,0
"8156",6064,2021,0,0
"1008",6066,2014,1,0
"2282",6066,2015,0,0
"1539",6068,2014,0,0
"2283",6068,2015,0,0
"1009",6068,2016,1,0
"101010",6068,2017,1,0
"5201",6068,2018,0,0
"6176",6068,2019,0,0
"7166",6068,2020,0,0
"8157",6068,2021,0,0
"9135",6068,2022,0,0
"1540",6138,2014,0,0
"2284",6138,2015,0,0
"10111",6138,2016,1,0
"10121",6138,2017,1,0
"5202",6138,2018,0,0
"6177",6138,2019,0,0
"1541",6139,2014,0,0
"2285",6139,2015,0,0
"10131",6139,2016,1,0
"10141",6139,2017,1,0
"10151",6139,2018,1,0
"6178",6139,2019,0,0
"7167",6139,2020,0,0
"1542",6143,2014,0,0
"2286",6143,2015,0,0
"10161",6143,2016,1,0
"10171",6143,2017,1,0
"10181",6143,2018,1,0
"6179",6143,2019,0,0
"7168",6143,2020,0,0
"8158",6143,2021,0,0
"1543",6145,2014,0,0
"2287",6145,2015,0,0
"10191",6145,2016,2,0
"4239",6145,2017,0,0
"5203",6145,2018,0,0
"6180",6145,2019,0,0
"7169",6145,2020,0,0
"8159",6145,2021,0,0
"1544",6159,2014,0,0
"10201",6159,2015,1,0
"3220",6159,2016,0,0
"4240",6159,2017,0,0
"10211",6159,2018,2,0
"6181",6159,2019,0,0
"7170",6159,2020,0,0
"8160",6159,2021,0,0
"9136",6159,2022,0,0
"1545",6160,2014,0,0
"2288",6160,2015,0,0
"3221",6160,2016,0,0
"4241",6160,2017,0,0
"10221",6160,2018,1,0
"6182",6160,2019,0,0
"1546",6161,2014,0,0
"2289",6161,2015,0,0
"3222",6161,2016,0,0
"10231",6161,2017,1,0
"10241",6161,2018,1,0
"10251",6161,2019,1,0
"7171",6161,2020,0,0
"8161",6161,2021,0,0
"9137",6161,2022,0,0
"1547",6162,2014,0,0
"2290",6162,2015,0,0
"3223",6162,2016,0,0
"10261",6162,2017,1,0
"5204",6162,2018,0,0
"6183",6162,2019,0,0
"10271",6162,2020,1,0
"8162",6162,2021,0,0
"9138",6162,2022,0,0
"1548",6168,2014,0,0
"2291",6168,2015,0,0
"3224",6168,2016,0,0
"4242",6168,2017,0,0
"5205",6168,2018,0,0
"10281",6168,2019,1,0
"7172",6168,2020,0,0
"8163",6168,2021,0,0
"1549",6169,2014,0,0
"2292",6169,2015,0,0
"3225",6169,2016,0,0
"10291",6169,2017,1,0
"5206",6169,2018,0,0
"6184",6169,2019,0,0
"7173",6169,2020,0,0
"1550",6174,2014,0,0
"2293",6174,2015,0,0
"3226",6174,2016,0,0
"10301",6174,2017,1,0
"5207",6174,2018,0,0
"6185",6174,2019,0,0
"7174",6174,2020,0,0
"8164",6174,2021,0,0
"1551",6181,2014,0,0
"10311",6181,2015,1,0
"3227",6181,2016,0,0
"4243",6181,2017,0,0
"10321",6181,2018,1,0
"6186",6181,2019,0,0
"1552",6185,2014,0,0
"2294",6185,2015,0,0
"3228",6185,2016,0,0
"10331",6185,2017,1,0
"10341",6185,2018,1,0
"10351",6185,2019,1,0
"10361",6185,2020,1,0
"8165",6185,2021,0,0
"9139",6185,2022,0,0
"1553",6186,2014,0,0
"2295",6186,2015,0,0
"10371",6186,2016,1,0
"10381",6186,2017,2,0
"5208",6186,2018,0,0
"6187",6186,2019,0,0
"7175",6186,2020,0,0
"10391",6186,2021,1,0
"9140",6186,2022,0,0
"1554",6187,2014,0,0
"2296",6187,2015,0,0
"3229",6187,2016,0,0
"4244",6187,2017,0,0
"10401",6187,2018,2,0
"10411",6187,2019,1,0
"7176",6187,2020,0,0
"10421",6187,2021,1,0
"9141",6187,2022,0,0
"1555",6188,2014,0,0
"2297",6188,2015,0,0
"3230",6188,2016,0,0
"4245",6188,2017,0,0
"10431",6188,2018,1,0
"6188",6188,2019,0,0
"7177",6188,2020,0,0
"1556",6191,2014,0,0
"2298",6191,2015,0,0
"10441",6191,2016,1,0
"10451",6191,2017,1,0
"5209",6191,2018,0,0
"6189",6191,2019,0,0
"10461",6191,2020,1,0
"8166",6191,2021,0,0
"9142",6191,2022,0,0
"1557",6194,2014,0,0
"10471",6194,2015,1,0
"3231",6194,2016,0,0
"4246",6194,2017,0,0
"1558",6195,2014,0,0
"2299",6195,2015,0,0
"3232",6195,2016,0,0
"4247",6195,2017,0,0
"10481",6195,2018,1,0
"6190",6195,2019,0,0
"7178",6195,2020,0,0
"8167",6195,2021,0,0
"9143",6195,2022,0,0
"1559",6199,2014,0,0
"2300",6199,2015,0,0
"10491",6199,2016,1,0
"4248",6199,2017,0,0
"5210",6199,2018,0,0
"6191",6199,2019,0,0
"10501",6199,2020,1,0
"8168",6199,2021,0,0
"9144",6199,2022,0,0
"1560",6211,2014,0,0
"10511",6211,2015,1,0
"3233",6211,2016,0,0
"10521",6211,2017,1,0
"10531",6211,2018,2,0
"10541",6211,2019,1,0
"10551",6211,2020,1,0
"8169",6211,2021,0,0
"10561",6211,2022,1,0
"1561",6214,2014,0,0
"10571",6214,2015,1,0
"10581",6214,2016,2,0
"10591",6214,2017,1,0
"10601",6214,2018,1,0
"1562",6215,2014,0,0
"2301",6215,2015,0,0
"3234",6215,2016,0,0
"10611",6215,2017,1,0
"10621",6215,2018,2,0
"10631",6215,2019,1,0
"7179",6215,2020,0,0
"8170",6215,2021,0,0
"1563",6217,2014,0,0
"10641",6217,2015,1,0
"3235",6217,2016,0,0
"4249",6217,2017,0,0
"10651",6217,2018,1,0
"6192",6217,2019,0,0
"7180",6217,2020,0,0
"8171",6217,2021,0,0
"9145",6217,2022,0,0
"1564",6229,2014,0,0
"10661",6229,2015,1,0
"10671",6229,2016,1,0
"4250",6229,2017,0,0
"10681",6229,2018,1,0
"10691",6229,2019,1,0
"10701",6229,2020,1,0
"8172",6229,2021,0,0
"1565",6233,2014,0,0
"2302",6233,2015,0,0
"3236",6233,2016,0,0
"4251",6233,2017,0,0
"10711",6233,2018,2,0
"10721",6233,2019,1,0
"7181",6233,2020,0,0
"8173",6233,2021,0,0
"9",6233,2022,0,0
"1566",6272,2014,0,0
"2303",6272,2015,0,0
"3237",6272,2016,0,0
"10731",6272,2017,1,0
"10741",6272,2018,1,0
"10751",6272,2019,2,0
"7182",6272,2020,0,0
"8174",6272,2021,0,0
"10761",6373,2015,1,0
"10771",6373,2016,1,0
"3238",6373,2017,0,0
"1567",6377,2015,0,0
"2304",6377,2016,0,0
"10781",6377,2017,1,0
"10791",6377,2018,1,0
"5211",6377,2019,0,0
"6193",6377,2020,0,0
"7183",6377,2021,0,0
"1568",6378,2015,0,0
"2305",6378,2016,0,0
"10801",6378,2017,1,0
"4252",6378,2018,0,0
"5212",6378,2019,0,0
"6194",6378,2020,0,0
"7184",6378,2021,0,0
"8",6378,2022,0,0
"1569",6546,2016,0,0
"2306",6546,2017,0,0
"3239",6546,2018,0,0
"4253",6546,2019,0,0
"10811",6546,2020,1,0
"1570",6547,2016,0,0
"2307",6547,2017,0,0
"10821",6547,2018,1,0
"4254",6547,2019,0,0
"10831",6547,2020,1,0
"1571",6550,2016,0,0
"2308",6550,2017,0,0
"3240",6550,2018,0,0
"10841",6550,2019,1,0
"5213",6550,2020,0,0
"6195",6550,2021,0,0
"7185",6550,2022,0,0
"1572",6551,2016,0,0
"10851",6551,2017,2,0
"10861",6551,2018,1,0
"4255",6551,2019,0,0
"10871",6551,2020,1,0
"6196",6551,2021,0,0
"7186",6551,2022,0,0
"1573",6554,2016,0,0
"10881",6554,2017,1,0
"10891",6554,2018,2,0
"10901",6554,2019,1,0
"10911",6554,2020,3,0
"10921",6554,2021,1,0
"10931",6554,2022,1,0
"1574",6558,2016,0,0
"2309",6558,2017,0,0
"3241",6558,2018,0,0
"10941",6558,2019,1,0
"5214",6558,2020,0,0
"6197",6558,2021,0,0
"7187",6558,2022,0,0
"1575",6561,2016,0,0
"2310",6561,2017,0,0
"10951",6561,2018,1,0
"4256",6561,2019,0,0
"5215",6561,2020,0,0
"1576",6568,2016,0,0
"10961",6568,2017,1,0
"10971",6568,2018,1,0
"10981",6568,2019,1,0
"5216",6568,2020,0,0
"6198",6568,2021,0,0
"7188",6568,2022,0,0
"1577",6571,2016,0,0
"2311",6571,2017,0,0
"10991",6571,2018,1,0
"4257",6571,2019,0,0
"1578",6644,2016,0,0
"2312",6644,2017,0,0
"11001",6644,2018,1,0
"11011",6644,2019,1,0
"5217",6644,2020,0,0
"6199",6644,2021,0,0
"7189",6644,2022,0,0
"1579",6647,2016,0,0
"11021",6647,2017,1,0
"3242",6647,2018,0,0
"1580",6652,2016,0,0
"11031",6652,2017,1,0
"11041",6652,2018,1,0
"4258",6652,2019,0,0
"11051",6652,2020,1,0
"6200",6652,2021,0,0
"7190",6652,2022,0,0
"1581",6656,2016,0,0
"11061",6656,2017,1,0
"3243",6656,2018,0,0
"4259",6656,2019,0,0
"11071",6656,2020,2,0
"6201",6656,2021,0,0
"7191",6656,2022,0,0
"1582",6657,2016,0,0
"11081",6657,2017,1,0
"3244",6657,2018,0,0
"4260",6657,2019,0,0
"5218",6657,2020,0,0
"6202",6657,2021,0,0
"1583",6659,2016,0,0
"11091",6659,2017,1,0
"3245",6659,2018,0,0
"4261",6659,2019,0,0
"5219",6659,2020,0,0
"111010",6659,2021,1,0
"7192",6659,2022,0,0
"1584",6665,2016,0,0
"2313",6665,2017,0,0
"3246",6665,2018,0,0
"4262",6665,2019,0,0
"5220",6665,2020,0,0
"111110",6665,2021,1,0
"111210",6665,2022,1,0
"1585",6669,2016,0,0
"2314",6669,2017,0,0
"111310",6669,2018,1,0
"4263",6669,2019,0,0
"1586",6670,2016,0,0
"111410",6670,2017,1,0
"111510",6670,2018,1,0
"4264",6670,2019,0,0
"11164",6670,2020,1,0
"11171",6670,2021,1,0
"7193",6670,2022,0,0
"1587",6673,2016,0,0
"11181",6673,2017,1,0
"11191",6673,2018,1,0
"11201",6673,2019,1,0
"5221",6673,2020,0,0
"6203",6673,2021,0,0
"7",6673,2022,0,0
"1588",6690,2017,0,0
"11211",6690,2018,2,0
"11221",6690,2019,1,0
"4265",6690,2020,0,0
"5222",6690,2021,0,0
"1589",6693,2017,0,0
"11231",6693,2018,1,0
"11241",6693,2019,1,0
"4266",6693,2020,0,0
"5223",6693,2021,0,0
"1590",6700,2017,0,0
"11251",6700,2018,1,0
"3247",6700,2019,0,0
"11261",6700,2020,2,0
"5224",6700,2021,0,0
"6204",6700,2022,0,0
"1591",6704,2017,0,0
"2315",6704,2018,0,0
"3248",6704,2019,0,0
"4267",6704,2020,0,0
"11271",6704,2021,1,0
"6205",6704,2022,0,0
"1592",6707,2017,0,0
"11281",6707,2018,1,0
"3249",6707,2019,0,0
"11291",6707,2020,1,0
"5225",6707,2021,0,0
"6206",6707,2022,0,0
"11301",6727,2017,1,0
"2316",6727,2018,0,0
"1593",6733,2017,0,0
"2317",6733,2018,0,0
"3250",6733,2019,0,0
"11311",6733,2020,1,0
"5226",6733,2021,0,0
"6207",6733,2022,0,0
"1594",6737,2017,0,0
"2318",6737,2018,0,0
"3251",6737,2019,0,0
"11321",6737,2020,2,0
"11331",6737,2021,1,0
"6208",6737,2022,0,0
"1595",6738,2017,0,0
"2319",6738,2018,0,0
"3252",6738,2019,0,0
"4268",6738,2020,0,0
"11341",6738,2021,1,0
"6209",6738,2022,0,0
"1596",6743,2017,0,0
"2320",6743,2018,0,0
"11351",6743,2019,1,0
"4269",6743,2020,0,0
"11361",6743,2021,1,0
"6210",6743,2022,0,0
"1597",6752,2017,0,0
"2321",6752,2018,0,0
"3253",6752,2019,0,0
"4270",6752,2020,0,0
"11371",6752,2021,1,0
"6211",6752,2022,0,0
"1598",6754,2017,0,0
"2322",6754,2018,0,0
"3254",6754,2019,0,0
"11381",6754,2020,1,0
"5227",6754,2021,0,0
"6212",6754,2022,0,0
"1599",6765,2017,0,0
"2323",6765,2018,0,0
"3255",6765,2019,0,0
"4271",6765,2020,0,0
"5228",6765,2021,0,0
"11391",6765,2022,1,0
"1600",6766,2017,0,0
"2324",6766,2018,0,0
"3256",6766,2019,0,0
"11401",6766,2020,1,0
"11411",6766,2021,1,0
"6213",6766,2022,0,0
"1601",6769,2017,0,0
"2325",6769,2018,0,0
"3257",6769,2019,0,0
"11421",6769,2020,1,0
"11431",6769,2021,1,0
"6",6769,2022,0,0
"1602",6836,2018,0,0
"11441",6836,2019,1,0
"3258",6836,2020,0,0
"1603",6838,2018,0,0
"2326",6838,2019,0,0
"11451",6838,2020,1,0
"4272",6838,2021,0,0
"5229",6838,2022,0,0
"1604",6840,2018,0,0
"11461",6840,2019,1,0
"11471",6840,2020,1,0
"11481",6840,2021,1,0
"5230",6840,2022,0,0
"1605",6843,2018,0,0
"2327",6843,2019,0,0
"11491",6843,2020,2,0
"4273",6843,2021,0,0
"5231",6843,2022,0,0
"1606",6849,2018,0,0
"2328",6849,2019,0,0
"3259",6849,2020,0,0
"11501",6849,2021,1,0
"5232",6849,2022,0,0
"1607",6852,2018,0,0
"2329",6852,2019,0,0
"3260",6852,2020,0,0
"11511",6852,2021,1,0
"5233",6852,2022,0,0
"1608",6856,2018,0,0
"2330",6856,2019,0,0
"3261",6856,2020,0,0
"11521",6856,2021,1,0
"5234",6856,2022,0,0
"1609",6875,2018,0,0
"2331",6875,2019,0,0
"3262",6875,2020,0,0
"11531",6875,2021,2,0
"5235",6875,2022,0,0
"1624",6881,2018,0,0
"2332",6881,2019,0,0
"3263",6881,2020,0,0
"11541",6881,2021,1,0
"5236",6881,2022,0,0
"1625",6902,2018,0,0
"2333",6902,2019,0,0
"11551",6902,2020,1,0
"4274",6902,2021,0,0
"1626",6905,2018,0,0
"2334",6905,2019,0,0
"3264",6905,2020,0,0
"11561",6905,2021,1,0
"5237",6905,2022,0,0
"1627",6909,2018,0,0
"2335",6909,2019,0,0
"3265",6909,2020,0,0
"11571",6909,2021,1,0
"5238",6909,2022,0,0
"1628",6925,2018,0,0
"2336",6925,2019,0,0
"3266",6925,2020,0,0
"11581",6925,2021,1,0
"5239",6925,2022,0,0
"1629",6926,2018,0,0
"2337",6926,2019,0,0
"11591",6926,2020,1,0
"4275",6926,2021,0,0
"5",6926,2022,0,0
"1630",7073,2019,0,0
"2338",7073,2020,0,0
"11601",7073,2021,1,0
"4276",7073,2022,0,0
"1631",7076,2019,0,0
"2339",7076,2020,0,0
"3267",7076,2021,0,0
"11611",7076,2022,1,0
"1632",7079,2019,0,0
"2340",7079,2020,0,0
"11621",7079,2021,1,0
"4277",7079,2022,0,0
"1633",7083,2019,0,0
"2341",7083,2020,0,0
"11631",7083,2021,2,0
"4278",7083,2022,0,0
"1634",7090,2019,0,0
"11641",7090,2020,1,0
"11651",7090,2021,1,0
"4279",7090,2022,0,0
"1635",7093,2019,0,0
"2342",7093,2020,0,0
"11661",7093,2021,1,0
"4280",7093,2022,0,0
"11671",7094,2019,1,0
"2343",7094,2020,0,0
"3268",7094,2021,0,0
"4281",7094,2022,0,0
"1636",7096,2019,0,0
"2344",7096,2020,0,0
"11681",7096,2021,1,0
"4",7096,2022,0,0
"1637",7117,2020,0,0
"11691",7117,2021,1,0
"3269",7117,2022,0,0
"1638",7118,2020,0,0
"11701",7118,2021,1,0
"11711",7118,2022,1,0
"1639",7123,2020,0,0
"11721",7123,2021,1,0
"3270",7123,2022,0,0
"1640",7127,2020,0,0
"2345",7127,2021,0,0
"11731",7127,2022,1,0
"1641",7132,2020,0,0
"11741",7132,2021,1,0
"3271",7132,2022,0,0
"11751",7136,2020,1,0
"2346",7136,2021,0,0
"3",7136,2022,0,0
"1",7139,2020,0,0
"2347",7139,2021,0,0
"11761",7139,2022,1,0
"11771",7146,2021,1,0
"2348",7146,2022,0,0
"11781",7187,2021,2,0
"2349",7187,2022,0,0
"11791",7214,2021,1,0
"2",7214,2022,0,0
"11801",7263,2022,1,0
